order_id,region,promised_delivery_date,actual_delivery_date
ORD_000001,Poznan_Hub,2026-05-06,2026-05-06
ORD_000002,Warsaw_Hub,2026-05-07,2026-05-07
ORD_000003,Warsaw_Hub,2026-05-02,2026-05-02
ORD_000004,Rural_East,2026-05-05,2026-05-06
ORD_000005,Poznan_Hub,2026-05-08,2026-05-08
ORD_000006,Poznan_Hub,2026-05-06,2026-05-06
ORD_000007,Southern_Nodes,2026-05-10,2026-05-10
ORD_000008,Warsaw_Hub,2026-05-08,2026-05-08
ORD_000009,Poznan_Hub,2026-05-05,2026-05-05
ORD_000010,Warsaw_Hub,2026-05-08,2026-05-08
ORD_000011,Warsaw_Hub,2026-05-05,2026-05-05
ORD_000012,Southern_Nodes,2026-05-08,2026-05-09
ORD_000013,Warsaw_Hub,2026-05-04,2026-05-04
ORD_000014,Warsaw_Hub,2026-05-03,2026-05-03
ORD_000015,Poznan_Hub,2026-05-03,2026-05-04
ORD_000016,Rural_East,2026-05-04,2026-05-04
ORD_000017,Rural_East,2026-05-07,2026-05-08
ORD_000018,Warsaw_Hub,2026-05-04,2026-05-04
ORD_000019,Poznan_Hub,2026-05-02,2026-05-02
ORD_000020,Warsaw_Hub,2026-05-07,2026-05-07
ORD_000021,Warsaw_Hub,2026-05-05,2026-05-05
ORD_000022,Southern_Nodes,2026-05-07,2026-05-08
ORD_000023,Poznan_Hub,2026-05-04,2026-05-04
ORD_000024,Poznan_Hub,2026-05-02,2026-05-03
ORD_000025,Warsaw_Hub,2026-05-02,2026-05-02
ORD_000026,Warsaw_Hub,2026-05-08,2026-05-08
ORD_000027,Southern_Nodes,2026-05-09,2026-05-09
ORD_000028,Warsaw_Hub,2026-05-08,2026-05-08
ORD_000029,Warsaw_Hub,2026-05-07,2026-05-07
ORD_000030,Poznan_Hub,2026-05-05,2026-05-05
ORD_000031,Rural_East,2026-05-07,2026-05-07
ORD_000032,Southern_Nodes,2026-05-07,2026-05-07
ORD_000033,Warsaw_Hub,2026-05-05,2026-05-05
ORD_000034,Poznan_Hub,2026-05-02,2026-05-02
ORD_000035,Rural_East,2026-05-05,2026-05-05
ORD_000036,Southern_Nodes,2026-05-05,2026-05-06
ORD_000037,Poznan_Hub,2026-05-02,2026-05-02
ORD_000038,Rural_East,2026-05-06,2026-05-07
ORD_000039,Southern_Nodes,2026-05-06,2026-05-06
ORD_000040,Poznan_Hub,2026-05-03,2026-05-03
ORD_000041,Southern_Nodes,2026-05-07,2026-05-08
ORD_000042,Warsaw_Hub,2026-05-05,2026-05-05
ORD_000043,Poznan_Hub,2026-05-06,2026-05-06
ORD_000044,Warsaw_Hub,2026-05-07,2026-05-07
ORD_000045,Rural_East,2026-05-10,2026-05-10
ORD_000046,Poznan_Hub,2026-05-04,2026-05-04
ORD_000047,Rural_East,2026-05-05,2026-05-05
ORD_000048,Warsaw_Hub,2026-05-06,2026-05-06
ORD_000049,Rural_East,2026-05-10,2026-05-10
ORD_000050,Warsaw_Hub,2026-05-07,2026-05-07
ORD_000051,Southern_Nodes,2026-05-07,2026-05-07
ORD_000052,Warsaw_Hub,2026-05-06,2026-05-06
ORD_000053,Warsaw_Hub,2026-05-03,2026-05-03
ORD_000054,Poznan_Hub,2026-05-02,2026-05-02
ORD_000055,Warsaw_Hub,2026-05-05,2026-05-05
ORD_000056,Poznan_Hub,2026-05-05,2026-05-05
ORD_000057,Southern_Nodes,2026-05-04,2026-05-04
ORD_000058,Southern_Nodes,2026-05-10,2026-05-10
ORD_000059,Warsaw_Hub,2026-05-07,2026-05-07
ORD_000060,Poznan_Hub,2026-05-06,2026-05-06
ORD_000061,Poznan_Hub,2026-05-08,2026-05-08
ORD_000062,Poznan_Hub,2026-05-04,2026-05-04
ORD_000063,Poznan_Hub,2026-05-03,2026-05-03
ORD_000064,Southern_Nodes,2026-05-09,2026-05-09
ORD_000065,Southern_Nodes,2026-05-06,2026-05-06
ORD_000066,Poznan_Hub,2026-05-07,2026-05-07
ORD_000067,Rural_East,2026-05-07,2026-05-08
ORD_000068,Rural_East,2026-05-08,2026-05-08
ORD_000069,Rural_East,2026-05-10,2026-05-10
ORD_000070,Warsaw_Hub,2026-05-07,2026-05-07
ORD_000071,Poznan_Hub,2026-05-03,2026-05-03
ORD_000072,Warsaw_Hub,2026-05-05,2026-05-05
ORD_000073,Poznan_Hub,2026-05-03,2026-05-04
ORD_000074,Poznan_Hub,2026-05-04,2026-05-04
ORD_000075,Poznan_Hub,2026-05-05,2026-05-05
ORD_000076,Southern_Nodes,2026-05-10,2026-05-10
ORD_000077,Poznan_Hub,2026-05-07,2026-05-07
ORD_000078,Southern_Nodes,2026-05-08,2026-05-08
ORD_000079,Poznan_Hub,2026-05-06,2026-05-06
ORD_000080,Poznan_Hub,2026-05-04,2026-05-04
ORD_000081,Poznan_Hub,2026-05-07,2026-05-07
ORD_000082,Warsaw_Hub,2026-05-06,2026-05-07
ORD_000083,Poznan_Hub,2026-05-02,2026-05-02
ORD_000084,Rural_East,2026-05-07,2026-05-08
ORD_000085,Rural_East,2026-05-10,2026-05-10
ORD_000086,Poznan_Hub,2026-05-08,2026-05-08
ORD_000087,Poznan_Hub,2026-05-05,2026-05-05
ORD_000088,Warsaw_Hub,2026-05-06,2026-05-06
ORD_000089,Poznan_Hub,2026-05-03,2026-05-04
ORD_000090,Southern_Nodes,2026-05-08,2026-05-08
ORD_000091,Warsaw_Hub,2026-05-03,2026-05-03
ORD_000092,Warsaw_Hub,2026-05-02,2026-05-02
ORD_000093,Southern_Nodes,2026-05-08,2026-05-08
ORD_000094,Warsaw_Hub,2026-05-03,2026-05-03
ORD_000095,Warsaw_Hub,2026-05-08,2026-05-08
ORD_000096,Poznan_Hub,2026-05-08,2026-05-08
ORD_000097,Poznan_Hub,2026-05-03,2026-05-03
ORD_000098,Warsaw_Hub,2026-05-07,2026-05-07
ORD_000099,Rural_East,2026-05-05,2026-05-05
ORD_000100,Rural_East,2026-05-08,2026-05-08
ORD_000101,Rural_East,2026-05-09,2026-05-09
ORD_000102,Warsaw_Hub,2026-05-04,2026-05-04
ORD_000103,Poznan_Hub,2026-05-03,2026-05-03
ORD_000104,Poznan_Hub,2026-05-08,2026-05-08
ORD_000105,Warsaw_Hub,2026-05-06,2026-05-06
ORD_000106,Warsaw_Hub,2026-05-06,2026-05-06
ORD_000107,Rural_East,2026-05-07,2026-05-07
ORD_000108,Rural_East,2026-05-06,2026-05-06
ORD_000109,Warsaw_Hub,2026-05-08,2026-05-08
ORD_000110,Rural_East,2026-05-05,2026-05-05
ORD_000111,Warsaw_Hub,2026-05-08,2026-05-08
ORD_000112,Warsaw_Hub,2026-05-06,2026-05-06
ORD_000113,Warsaw_Hub,2026-05-05,2026-05-05
ORD_000114,Poznan_Hub,2026-05-02,2026-05-02
ORD_000115,Warsaw_Hub,2026-05-08,2026-05-08
ORD_000116,Rural_East,2026-05-09,2026-05-10
ORD_000117,Poznan_Hub,2026-05-06,2026-05-06
ORD_000118,Warsaw_Hub,2026-05-04,2026-05-04
ORD_000119,Warsaw_Hub,2026-05-04,2026-05-04
ORD_000120,Poznan_Hub,2026-05-05,2026-05-05
ORD_000121,Warsaw_Hub,2026-05-03,2026-05-03
ORD_000122,Poznan_Hub,2026-05-06,2026-05-06
ORD_000123,Southern_Nodes,2026-05-06,2026-05-06
ORD_000124,Warsaw_Hub,2026-05-06,2026-05-06
ORD_000125,Poznan_Hub,2026-05-07,2026-05-07
ORD_000126,Poznan_Hub,2026-05-04,2026-05-04
ORD_000127,Poznan_Hub,2026-05-02,2026-05-02
ORD_000128,Rural_East,2026-05-08,2026-05-08
ORD_000129,Poznan_Hub,2026-05-03,2026-05-03
ORD_000130,Poznan_Hub,2026-05-04,2026-05-04
ORD_000131,Warsaw_Hub,2026-05-07,2026-05-07
ORD_000132,Rural_East,2026-05-04,2026-05-04
ORD_000133,Warsaw_Hub,2026-05-07,2026-05-07
ORD_000134,Poznan_Hub,2026-05-05,2026-05-05
ORD_000135,Warsaw_Hub,2026-05-05,2026-05-05
ORD_000136,Poznan_Hub,2026-05-06,2026-05-06
ORD_000137,Poznan_Hub,2026-05-05,2026-05-06
ORD_000138,Rural_East,2026-05-05,2026-05-05
ORD_000139,Poznan_Hub,2026-05-07,2026-05-07
ORD_000140,Southern_Nodes,2026-05-07,2026-05-09
ORD_000141,Poznan_Hub,2026-05-04,2026-05-04
ORD_000142,Warsaw_Hub,2026-05-08,2026-05-08
ORD_000143,Poznan_Hub,2026-05-03,2026-05-03
ORD_000144,Poznan_Hub,2026-05-03,2026-05-03
ORD_000145,Warsaw_Hub,2026-05-02,2026-05-02
ORD_000146,Warsaw_Hub,2026-05-06,2026-05-06
ORD_000147,Warsaw_Hub,2026-05-07,2026-05-07
ORD_000148,Warsaw_Hub,2026-05-02,2026-05-03
ORD_000149,Poznan_Hub,2026-05-03,2026-05-03
ORD_000150,Warsaw_Hub,2026-05-08,2026-05-08
ORD_000151,Warsaw_Hub,2026-05-05,2026-05-06
ORD_000152,Southern_Nodes,2026-05-06,2026-05-06
ORD_000153,Southern_Nodes,2026-05-04,2026-05-04
ORD_000154,Warsaw_Hub,2026-05-03,2026-05-03
ORD_000155,Warsaw_Hub,2026-05-04,2026-05-05
ORD_000156,Warsaw_Hub,2026-05-08,2026-05-08
ORD_000157,Rural_East,2026-05-05,2026-05-05
ORD_000158,Warsaw_Hub,2026-05-07,2026-05-07
ORD_000159,Warsaw_Hub,2026-05-04,2026-05-04
ORD_000160,Poznan_Hub,2026-05-07,2026-05-07
ORD_000161,Rural_East,2026-05-07,2026-05-07
ORD_000162,Warsaw_Hub,2026-05-03,2026-05-03
ORD_000163,Warsaw_Hub,2026-05-06,2026-05-06
ORD_000164,Rural_East,2026-05-06,2026-05-08
ORD_000165,Southern_Nodes,2026-05-10,2026-05-10
ORD_000166,Poznan_Hub,2026-05-04,2026-05-04
ORD_000167,Southern_Nodes,2026-05-04,2026-05-04
ORD_000168,Warsaw_Hub,2026-05-04,2026-05-04
ORD_000169,Southern_Nodes,2026-05-07,2026-05-07
ORD_000170,Warsaw_Hub,2026-05-04,2026-05-04
ORD_000171,Rural_East,2026-05-07,2026-05-07
ORD_000172,Warsaw_Hub,2026-05-04,2026-05-04
ORD_000173,Southern_Nodes,2026-05-04,2026-05-04
ORD_000174,Rural_East,2026-05-08,2026-05-08
ORD_000175,Poznan_Hub,2026-05-03,2026-05-04
ORD_000176,Warsaw_Hub,2026-05-02,2026-05-02
ORD_000177,Warsaw_Hub,2026-05-03,2026-05-03
ORD_000178,Rural_East,2026-05-07,2026-05-08
ORD_000179,Poznan_Hub,2026-05-05,2026-05-05
ORD_000180,Warsaw_Hub,2026-05-04,2026-05-04
ORD_000181,Warsaw_Hub,2026-05-04,2026-05-04
ORD_000182,Warsaw_Hub,2026-05-06,2026-05-06
ORD_000183,Southern_Nodes,2026-05-10,2026-05-10
ORD_000184,Rural_East,2026-05-04,2026-05-04
ORD_000185,Warsaw_Hub,2026-05-04,2026-05-04
ORD_000186,Poznan_Hub,2026-05-06,2026-05-06
ORD_000187,Poznan_Hub,2026-05-06,2026-05-06
ORD_000188,Warsaw_Hub,2026-05-02,2026-05-02
ORD_000189,Poznan_Hub,2026-05-03,2026-05-03
ORD_000190,Poznan_Hub,2026-05-08,2026-05-08
ORD_000191,Poznan_Hub,2026-05-03,2026-05-03
ORD_000192,Poznan_Hub,2026-05-06,2026-05-06
ORD_000193,Poznan_Hub,2026-05-02,2026-05-02
ORD_000194,Warsaw_Hub,2026-05-05,2026-05-05
ORD_000195,Poznan_Hub,2026-05-06,2026-05-06
ORD_000196,Poznan_Hub,2026-05-08,2026-05-08
ORD_000197,Poznan_Hub,2026-05-09,2026-05-09
ORD_000198,Warsaw_Hub,2026-05-03,2026-05-04
ORD_000199,Rural_East,2026-05-05,2026-05-05
ORD_000200,Warsaw_Hub,2026-05-08,2026-05-08
ORD_000201,Poznan_Hub,2026-05-08,2026-05-08
ORD_000202,Warsaw_Hub,2026-05-06,2026-05-06
ORD_000203,Poznan_Hub,2026-05-07,2026-05-07
ORD_000204,Poznan_Hub,2026-05-02,2026-05-02
ORD_000205,Warsaw_Hub,2026-05-02,2026-05-02
ORD_000206,Warsaw_Hub,2026-05-08,2026-05-08
ORD_000207,Poznan_Hub,2026-05-05,2026-05-05
ORD_000208,Warsaw_Hub,2026-05-02,2026-05-02
ORD_000209,Warsaw_Hub,2026-05-03,2026-05-03
ORD_000210,Southern_Nodes,2026-05-10,2026-05-10
ORD_000211,Rural_East,2026-05-06,2026-05-07
ORD_000212,Warsaw_Hub,2026-05-08,2026-05-08
ORD_000213,Rural_East,2026-05-07,2026-05-08
ORD_000214,Warsaw_Hub,2026-05-07,2026-05-07
ORD_000215,Warsaw_Hub,2026-05-02,2026-05-02
ORD_000216,Poznan_Hub,2026-05-08,2026-05-08
ORD_000217,Southern_Nodes,2026-05-10,2026-05-11
ORD_000218,Poznan_Hub,2026-05-04,2026-05-04
ORD_000219,Warsaw_Hub,2026-05-02,2026-05-02
ORD_000220,Warsaw_Hub,2026-05-03,2026-05-03
ORD_000221,Poznan_Hub,2026-05-08,2026-05-08
ORD_000222,Rural_East,2026-05-10,2026-05-10
ORD_000223,Warsaw_Hub,2026-05-02,2026-05-02
ORD_000224,Southern_Nodes,2026-05-08,2026-05-09
ORD_000225,Warsaw_Hub,2026-05-02,2026-05-02
ORD_000226,Southern_Nodes,2026-05-05,2026-05-05
ORD_000227,Warsaw_Hub,2026-05-07,2026-05-07
ORD_000228,Poznan_Hub,2026-05-07,2026-05-07
ORD_000229,Warsaw_Hub,2026-05-07,2026-05-07
ORD_000230,Warsaw_Hub,2026-05-04,2026-05-04
ORD_000231,Poznan_Hub,2026-05-03,2026-05-03
ORD_000232,Warsaw_Hub,2026-05-02,2026-05-02
ORD_000233,Poznan_Hub,2026-05-02,2026-05-02
ORD_000234,Poznan_Hub,2026-05-07,2026-05-07
ORD_000235,Warsaw_Hub,2026-05-05,2026-05-05
ORD_000236,Warsaw_Hub,2026-05-05,2026-05-05
ORD_000237,Poznan_Hub,2026-05-08,2026-05-08
ORD_000238,Rural_East,2026-05-04,2026-05-04
ORD_000239,Warsaw_Hub,2026-05-03,2026-05-03
ORD_000240,Rural_East,2026-05-06,2026-05-06
ORD_000241,Poznan_Hub,2026-05-02,2026-05-02
ORD_000242,Southern_Nodes,2026-05-05,2026-05-05
ORD_000243,Warsaw_Hub,2026-05-07,2026-05-07
ORD_000244,Warsaw_Hub,2026-05-03,2026-05-03
ORD_000245,Warsaw_Hub,2026-05-04,2026-05-04
ORD_000246,Warsaw_Hub,2026-05-04,2026-05-04
ORD_000247,Southern_Nodes,2026-05-05,2026-05-06
ORD_000248,Rural_East,2026-05-04,2026-05-04
ORD_000249,Southern_Nodes,2026-05-04,2026-05-05
ORD_000250,Southern_Nodes,2026-05-07,2026-05-08
ORD_000251,Warsaw_Hub,2026-05-02,2026-05-02
ORD_000252,Warsaw_Hub,2026-05-05,2026-05-05
ORD_000253,Poznan_Hub,2026-05-08,2026-05-08
ORD_000254,Southern_Nodes,2026-05-04,2026-05-06
ORD_000255,Southern_Nodes,2026-05-05,2026-05-06
ORD_000256,Poznan_Hub,2026-05-03,2026-05-03
ORD_000257,Warsaw_Hub,2026-05-07,2026-05-07
ORD_000258,Southern_Nodes,2026-05-06,2026-05-07
ORD_000259,Southern_Nodes,2026-05-10,2026-05-10
ORD_000260,Poznan_Hub,2026-05-03,2026-05-04
ORD_000261,Poznan_Hub,2026-05-08,2026-05-08
ORD_000262,Warsaw_Hub,2026-05-04,2026-05-04
ORD_000263,Rural_East,2026-05-05,2026-05-05
ORD_000264,Poznan_Hub,2026-05-07,2026-05-07
ORD_000265,Poznan_Hub,2026-05-02,2026-05-02
ORD_000266,Warsaw_Hub,2026-05-07,2026-05-07
ORD_000267,Warsaw_Hub,2026-05-07,2026-05-07
ORD_000268,Poznan_Hub,2026-05-07,2026-05-08
ORD_000269,Poznan_Hub,2026-05-07,2026-05-07
ORD_000270,Rural_East,2026-05-10,2026-05-10
ORD_000271,Warsaw_Hub,2026-05-05,2026-05-05
ORD_000272,Warsaw_Hub,2026-05-02,2026-05-02
ORD_000273,Warsaw_Hub,2026-05-08,2026-05-08
ORD_000274,Warsaw_Hub,2026-05-05,2026-05-05
ORD_000275,Warsaw_Hub,2026-05-08,2026-05-08
ORD_000276,Warsaw_Hub,2026-05-04,2026-05-04
ORD_000277,Poznan_Hub,2026-05-07,2026-05-07
ORD_000278,Rural_East,2026-05-08,2026-05-08
ORD_000279,Warsaw_Hub,2026-05-04,2026-05-04
ORD_000280,Southern_Nodes,2026-05-08,2026-05-08
ORD_000281,Warsaw_Hub,2026-05-06,2026-05-06
ORD_000282,Poznan_Hub,2026-05-03,2026-05-03
ORD_000283,Rural_East,2026-05-09,2026-05-09
ORD_000284,Poznan_Hub,2026-05-02,2026-05-02
ORD_000285,Warsaw_Hub,2026-05-08,2026-05-08
ORD_000286,Rural_East,2026-05-09,2026-05-09
ORD_000287,Poznan_Hub,2026-05-04,2026-05-04
ORD_000288,Warsaw_Hub,2026-05-06,2026-05-06
ORD_000289,Warsaw_Hub,2026-05-02,2026-05-02
ORD_000290,Warsaw_Hub,2026-05-06,2026-05-06
ORD_000291,Warsaw_Hub,2026-05-07,2026-05-07
ORD_000292,Rural_East,2026-05-07,2026-05-08
ORD_000293,Southern_Nodes,2026-05-08,2026-05-08
ORD_000294,Poznan_Hub,2026-05-02,2026-05-02
ORD_000295,Warsaw_Hub,2026-05-07,2026-05-07
ORD_000296,Warsaw_Hub,2026-05-07,2026-05-07
ORD_000297,Warsaw_Hub,2026-05-07,2026-05-07
ORD_000298,Rural_East,2026-05-05,2026-05-05
ORD_000299,Southern_Nodes,2026-05-08,2026-05-08
ORD_000300,Warsaw_Hub,2026-05-06,2026-05-06
ORD_000301,Southern_Nodes,2026-05-04,2026-05-04
ORD_000302,Poznan_Hub,2026-05-02,2026-05-02
ORD_000303,Poznan_Hub,2026-05-07,2026-05-07
ORD_000304,Warsaw_Hub,2026-05-07,2026-05-07
ORD_000305,Warsaw_Hub,2026-05-07,2026-05-08
ORD_000306,Warsaw_Hub,2026-05-03,2026-05-03
ORD_000307,Poznan_Hub,2026-05-05,2026-05-05
ORD_000308,Warsaw_Hub,2026-05-03,2026-05-03
ORD_000309,Southern_Nodes,2026-05-05,2026-05-05
ORD_000310,Warsaw_Hub,2026-05-04,2026-05-04
ORD_000311,Warsaw_Hub,2026-05-02,2026-05-02
ORD_000312,Poznan_Hub,2026-05-06,2026-05-06
ORD_000313,Poznan_Hub,2026-05-07,2026-05-07
ORD_000314,Poznan_Hub,2026-05-04,2026-05-04
ORD_000315,Poznan_Hub,2026-05-08,2026-05-08
ORD_000316,Warsaw_Hub,2026-05-07,2026-05-07
ORD_000317,Southern_Nodes,2026-05-04,2026-05-05
ORD_000318,Warsaw_Hub,2026-05-07,2026-05-07
ORD_000319,Warsaw_Hub,2026-05-02,2026-05-03
ORD_000320,Southern_Nodes,2026-05-10,2026-05-10
ORD_000321,Warsaw_Hub,2026-05-03,2026-05-03
ORD_000322,Poznan_Hub,2026-05-06,2026-05-06
ORD_000323,Poznan_Hub,2026-05-08,2026-05-08
ORD_000324,Poznan_Hub,2026-05-05,2026-05-05
ORD_000325,Rural_East,2026-05-07,2026-05-08
ORD_000326,Poznan_Hub,2026-05-02,2026-05-02
ORD_000327,Poznan_Hub,2026-05-05,2026-05-05
ORD_000328,Warsaw_Hub,2026-05-02,2026-05-02
ORD_000329,Warsaw_Hub,2026-05-05,2026-05-05
ORD_000330,Warsaw_Hub,2026-05-05,2026-05-05
ORD_000331,Rural_East,2026-05-06,2026-05-07
ORD_000332,Poznan_Hub,2026-05-06,2026-05-06
ORD_000333,Warsaw_Hub,2026-05-05,2026-05-05
ORD_000334,Southern_Nodes,2026-05-05,2026-05-05
ORD_000335,Poznan_Hub,2026-05-06,2026-05-07
ORD_000336,Poznan_Hub,2026-05-07,2026-05-07
ORD_000337,Rural_East,2026-05-04,2026-05-05
ORD_000338,Poznan_Hub,2026-05-04,2026-05-04
ORD_000339,Poznan_Hub,2026-05-04,2026-05-04
ORD_000340,Southern_Nodes,2026-05-05,2026-05-05
ORD_000341,Poznan_Hub,2026-05-03,2026-05-03
ORD_000342,Rural_East,2026-05-07,2026-05-08
ORD_000343,Warsaw_Hub,2026-05-07,2026-05-07
ORD_000344,Rural_East,2026-05-09,2026-05-09
ORD_000345,Rural_East,2026-05-08,2026-05-08
ORD_000346,Poznan_Hub,2026-05-05,2026-05-05
ORD_000347,Southern_Nodes,2026-05-08,2026-05-08
ORD_000348,Poznan_Hub,2026-05-02,2026-05-02
ORD_000349,Rural_East,2026-05-09,2026-05-09
ORD_000350,Warsaw_Hub,2026-05-05,2026-05-05
ORD_000351,Rural_East,2026-05-07,2026-05-08
ORD_000352,Rural_East,2026-05-04,2026-05-04
ORD_000353,Southern_Nodes,2026-05-08,2026-05-08
ORD_000354,Poznan_Hub,2026-05-07,2026-05-07
ORD_000355,Southern_Nodes,2026-05-07,2026-05-07
ORD_000356,Poznan_Hub,2026-05-02,2026-05-02
ORD_000357,Warsaw_Hub,2026-05-03,2026-05-03
ORD_000358,Poznan_Hub,2026-05-02,2026-05-02
ORD_000359,Warsaw_Hub,2026-05-08,2026-05-08
ORD_000360,Poznan_Hub,2026-05-02,2026-05-02
ORD_000361,Poznan_Hub,2026-05-05,2026-05-05
ORD_000362,Southern_Nodes,2026-05-05,2026-05-05
ORD_000363,Poznan_Hub,2026-05-06,2026-05-06
ORD_000364,Poznan_Hub,2026-05-04,2026-05-04
ORD_000365,Warsaw_Hub,2026-05-08,2026-05-08
ORD_000366,Poznan_Hub,2026-05-04,2026-05-04
ORD_000367,Poznan_Hub,2026-05-04,2026-05-04
ORD_000368,Warsaw_Hub,2026-05-02,2026-05-02
ORD_000369,Poznan_Hub,2026-05-05,2026-05-05
ORD_000370,Poznan_Hub,2026-05-04,2026-05-04
ORD_000371,Poznan_Hub,2026-05-07,2026-05-07
ORD_000372,Southern_Nodes,2026-05-06,2026-05-06
ORD_000373,Poznan_Hub,2026-05-06,2026-05-07
ORD_000374,Warsaw_Hub,2026-05-06,2026-05-06
ORD_000375,Warsaw_Hub,2026-05-07,2026-05-07
ORD_000376,Poznan_Hub,2026-05-03,2026-05-03
ORD_000377,Poznan_Hub,2026-05-08,2026-05-08
ORD_000378,Poznan_Hub,2026-05-04,2026-05-04
ORD_000379,Poznan_Hub,2026-05-07,2026-05-07
ORD_000380,Warsaw_Hub,2026-05-04,2026-05-04
ORD_000381,Southern_Nodes,2026-05-06,2026-05-06
ORD_000382,Poznan_Hub,2026-05-07,2026-05-07
ORD_000383,Warsaw_Hub,2026-05-05,2026-05-05
ORD_000384,Rural_East,2026-05-10,2026-05-10
ORD_000385,Warsaw_Hub,2026-05-07,2026-05-07
ORD_000386,Warsaw_Hub,2026-05-07,2026-05-07
ORD_000387,Poznan_Hub,2026-05-04,2026-05-04
ORD_000388,Southern_Nodes,2026-05-06,2026-05-06
ORD_000389,Warsaw_Hub,2026-05-08,2026-05-08
ORD_000390,Warsaw_Hub,2026-05-02,2026-05-02
ORD_000391,Southern_Nodes,2026-05-04,2026-05-04
ORD_000392,Poznan_Hub,2026-05-07,2026-05-07
ORD_000393,Rural_East,2026-05-06,2026-05-06
ORD_000394,Rural_East,2026-05-10,2026-05-10
ORD_000395,Rural_East,2026-05-05,2026-05-05
ORD_000396,Southern_Nodes,2026-05-05,2026-05-05
ORD_000397,Warsaw_Hub,2026-05-04,2026-05-04
ORD_000398,Rural_East,2026-05-07,2026-05-08
ORD_000399,Warsaw_Hub,2026-05-06,2026-05-06
ORD_000400,Warsaw_Hub,2026-05-05,2026-05-05
ORD_000401,Poznan_Hub,2026-05-05,2026-05-05
ORD_000402,Poznan_Hub,2026-05-05,2026-05-05
ORD_000403,Southern_Nodes,2026-05-08,2026-05-08
ORD_000404,Poznan_Hub,2026-05-03,2026-05-03
ORD_000405,Warsaw_Hub,2026-05-05,2026-05-05
ORD_000406,Warsaw_Hub,2026-05-08,2026-05-08
ORD_000407,Poznan_Hub,2026-05-03,2026-05-03
ORD_000408,Warsaw_Hub,2026-05-05,2026-05-05
ORD_000409,Poznan_Hub,2026-05-08,2026-05-08
ORD_000410,Warsaw_Hub,2026-05-04,2026-05-04
ORD_000411,Rural_East,2026-05-05,2026-05-05
ORD_000412,Warsaw_Hub,2026-05-07,2026-05-07
ORD_000413,Warsaw_Hub,2026-05-03,2026-05-03
ORD_000414,Poznan_Hub,2026-05-06,2026-05-06
ORD_000415,Rural_East,2026-05-07,2026-05-08
ORD_000416,Southern_Nodes,2026-05-04,2026-05-04
ORD_000417,Warsaw_Hub,2026-05-07,2026-05-07
ORD_000418,Warsaw_Hub,2026-05-03,2026-05-03
ORD_000419,Warsaw_Hub,2026-05-07,2026-05-07
ORD_000420,Warsaw_Hub,2026-05-07,2026-05-07
ORD_000421,Warsaw_Hub,2026-05-08,2026-05-08
ORD_000422,Poznan_Hub,2026-05-02,2026-05-03
ORD_000423,Poznan_Hub,2026-05-06,2026-05-06
ORD_000424,Warsaw_Hub,2026-05-06,2026-05-06
ORD_000425,Warsaw_Hub,2026-05-02,2026-05-02
ORD_000426,Poznan_Hub,2026-05-04,2026-05-04
ORD_000427,Poznan_Hub,2026-05-08,2026-05-09
ORD_000428,Warsaw_Hub,2026-05-06,2026-05-06
ORD_000429,Warsaw_Hub,2026-05-05,2026-05-05
ORD_000430,Warsaw_Hub,2026-05-08,2026-05-08
ORD_000431,Southern_Nodes,2026-05-08,2026-05-10
ORD_000432,Warsaw_Hub,2026-05-06,2026-05-06
ORD_000433,Warsaw_Hub,2026-05-02,2026-05-02
ORD_000434,Rural_East,2026-05-10,2026-05-10
ORD_000435,Southern_Nodes,2026-05-04,2026-05-04
ORD_000436,Warsaw_Hub,2026-05-07,2026-05-07
ORD_000437,Warsaw_Hub,2026-05-06,2026-05-06
ORD_000438,Warsaw_Hub,2026-05-02,2026-05-02
ORD_000439,Poznan_Hub,2026-05-07,2026-05-07
ORD_000440,Rural_East,2026-05-07,2026-05-07
ORD_000441,Rural_East,2026-05-06,2026-05-06
ORD_000442,Poznan_Hub,2026-05-02,2026-05-02
ORD_000443,Poznan_Hub,2026-05-05,2026-05-05
ORD_000444,Warsaw_Hub,2026-05-02,2026-05-02
ORD_000445,Warsaw_Hub,2026-05-08,2026-05-08
ORD_000446,Warsaw_Hub,2026-05-03,2026-05-03
ORD_000447,Warsaw_Hub,2026-05-03,2026-05-03
ORD_000448,Southern_Nodes,2026-05-04,2026-05-04
ORD_000449,Warsaw_Hub,2026-05-02,2026-05-02
ORD_000450,Warsaw_Hub,2026-05-08,2026-05-08
ORD_000451,Warsaw_Hub,2026-05-06,2026-05-06
ORD_000452,Poznan_Hub,2026-05-04,2026-05-04
ORD_000453,Poznan_Hub,2026-05-04,2026-05-04
ORD_000454,Warsaw_Hub,2026-05-05,2026-05-05
ORD_000455,Rural_East,2026-05-09,2026-05-09
ORD_000456,Rural_East,2026-05-10,2026-05-10
ORD_000457,Poznan_Hub,2026-05-08,2026-05-08
ORD_000458,Rural_East,2026-05-09,2026-05-09
ORD_000459,Rural_East,2026-05-10,2026-05-10
ORD_000460,Rural_East,2026-05-06,2026-05-06
ORD_000461,Warsaw_Hub,2026-05-07,2026-05-07
ORD_000462,Warsaw_Hub,2026-05-04,2026-05-04
ORD_000463,Warsaw_Hub,2026-05-06,2026-05-07
ORD_000464,Poznan_Hub,2026-05-03,2026-05-03
ORD_000465,Warsaw_Hub,2026-05-05,2026-05-05
ORD_000466,Warsaw_Hub,2026-05-07,2026-05-07
ORD_000467,Warsaw_Hub,2026-05-08,2026-05-08
ORD_000468,Warsaw_Hub,2026-05-08,2026-05-09
ORD_000469,Warsaw_Hub,2026-05-02,2026-05-02
ORD_000470,Poznan_Hub,2026-05-02,2026-05-03
ORD_000471,Poznan_Hub,2026-05-02,2026-05-02
ORD_000472,Poznan_Hub,2026-05-07,2026-05-07
ORD_000473,Warsaw_Hub,2026-05-06,2026-05-06
ORD_000474,Rural_East,2026-05-07,2026-05-08
ORD_000475,Rural_East,2026-05-07,2026-05-09
ORD_000476,Warsaw_Hub,2026-05-02,2026-05-02
ORD_000477,Poznan_Hub,2026-05-07,2026-05-07
ORD_000478,Rural_East,2026-05-10,2026-05-10
ORD_000479,Warsaw_Hub,2026-05-03,2026-05-03
ORD_000480,Warsaw_Hub,2026-05-03,2026-05-03
ORD_000481,Warsaw_Hub,2026-05-05,2026-05-05
ORD_000482,Warsaw_Hub,2026-05-07,2026-05-07
ORD_000483,Poznan_Hub,2026-05-06,2026-05-06
ORD_000484,Warsaw_Hub,2026-05-08,2026-05-08
ORD_000485,Poznan_Hub,2026-05-06,2026-05-06
ORD_000486,Warsaw_Hub,2026-05-03,2026-05-03
ORD_000487,Warsaw_Hub,2026-05-02,2026-05-02
ORD_000488,Poznan_Hub,2026-05-08,2026-05-08
ORD_000489,Warsaw_Hub,2026-05-02,2026-05-02
ORD_000490,Poznan_Hub,2026-05-08,2026-05-08
ORD_000491,Rural_East,2026-05-04,2026-05-04
ORD_000492,Warsaw_Hub,2026-05-08,2026-05-08
ORD_000493,Warsaw_Hub,2026-05-06,2026-05-06
ORD_000494,Southern_Nodes,2026-05-07,2026-05-08
ORD_000495,Rural_East,2026-05-08,2026-05-08
ORD_000496,Warsaw_Hub,2026-05-04,2026-05-04
ORD_000497,Warsaw_Hub,2026-05-03,2026-05-03
ORD_000498,Warsaw_Hub,2026-05-07,2026-05-07
ORD_000499,Southern_Nodes,2026-05-10,2026-05-10
ORD_000500,Rural_East,2026-05-05,2026-05-06
ORD_000501,Warsaw_Hub,2026-05-03,2026-05-03
ORD_000502,Warsaw_Hub,2026-05-02,2026-05-02
ORD_000503,Warsaw_Hub,2026-05-08,2026-05-08
ORD_000504,Poznan_Hub,2026-05-08,2026-05-08
ORD_000505,Warsaw_Hub,2026-05-05,2026-05-05
ORD_000506,Poznan_Hub,2026-05-03,2026-05-03
ORD_000507,Poznan_Hub,2026-05-06,2026-05-06
ORD_000508,Southern_Nodes,2026-05-09,2026-05-10
ORD_000509,Southern_Nodes,2026-05-04,2026-05-04
ORD_000510,Southern_Nodes,2026-05-07,2026-05-07
ORD_000511,Poznan_Hub,2026-05-07,2026-05-08
ORD_000512,Poznan_Hub,2026-05-05,2026-05-05
ORD_000513,Warsaw_Hub,2026-05-02,2026-05-02
ORD_000514,Poznan_Hub,2026-05-07,2026-05-07
ORD_000515,Warsaw_Hub,2026-05-04,2026-05-04
ORD_000516,Southern_Nodes,2026-05-06,2026-05-06
ORD_000517,Southern_Nodes,2026-05-06,2026-05-06
ORD_000518,Southern_Nodes,2026-05-05,2026-05-05
ORD_000519,Warsaw_Hub,2026-05-03,2026-05-03
ORD_000520,Southern_Nodes,2026-05-08,2026-05-08
ORD_000521,Warsaw_Hub,2026-05-07,2026-05-07
ORD_000522,Warsaw_Hub,2026-05-08,2026-05-08
ORD_000523,Poznan_Hub,2026-05-05,2026-05-05
ORD_000524,Southern_Nodes,2026-05-05,2026-05-05
ORD_000525,Rural_East,2026-05-05,2026-05-05
ORD_000526,Southern_Nodes,2026-05-04,2026-05-04
ORD_000527,Rural_East,2026-05-08,2026-05-09
ORD_000528,Warsaw_Hub,2026-05-05,2026-05-05
ORD_000529,Warsaw_Hub,2026-05-04,2026-05-04
ORD_000530,Poznan_Hub,2026-05-08,2026-05-09
ORD_000531,Poznan_Hub,2026-05-04,2026-05-04
ORD_000532,Warsaw_Hub,2026-05-05,2026-05-05
ORD_000533,Poznan_Hub,2026-05-08,2026-05-09
ORD_000534,Southern_Nodes,2026-05-10,2026-05-10
ORD_000535,Poznan_Hub,2026-05-06,2026-05-06
ORD_000536,Poznan_Hub,2026-05-03,2026-05-03
ORD_000537,Rural_East,2026-05-07,2026-05-07
ORD_000538,Southern_Nodes,2026-05-06,2026-05-06
ORD_000539,Poznan_Hub,2026-05-04,2026-05-04
ORD_000540,Poznan_Hub,2026-05-02,2026-05-02
ORD_000541,Warsaw_Hub,2026-05-06,2026-05-06
ORD_000542,Warsaw_Hub,2026-05-06,2026-05-06
ORD_000543,Warsaw_Hub,2026-05-07,2026-05-07
ORD_000544,Warsaw_Hub,2026-05-03,2026-05-03
ORD_000545,Poznan_Hub,2026-05-05,2026-05-05
ORD_000546,Warsaw_Hub,2026-05-03,2026-05-03
ORD_000547,Poznan_Hub,2026-05-04,2026-05-04
ORD_000548,Rural_East,2026-05-04,2026-05-05
ORD_000549,Warsaw_Hub,2026-05-08,2026-05-08
ORD_000550,Poznan_Hub,2026-05-08,2026-05-08
ORD_000551,Warsaw_Hub,2026-05-07,2026-05-08
ORD_000552,Poznan_Hub,2026-05-05,2026-05-05
ORD_000553,Poznan_Hub,2026-05-07,2026-05-07
ORD_000554,Warsaw_Hub,2026-05-05,2026-05-05
ORD_000555,Poznan_Hub,2026-05-06,2026-05-06
ORD_000556,Poznan_Hub,2026-05-05,2026-05-05
ORD_000557,Rural_East,2026-05-05,2026-05-05
ORD_000558,Warsaw_Hub,2026-05-03,2026-05-04
ORD_000559,Southern_Nodes,2026-05-08,2026-05-08
ORD_000560,Rural_East,2026-05-07,2026-05-07
ORD_000561,Warsaw_Hub,2026-05-06,2026-05-06
ORD_000562,Warsaw_Hub,2026-05-07,2026-05-07
ORD_000563,Poznan_Hub,2026-05-08,2026-05-08
ORD_000564,Rural_East,2026-05-09,2026-05-10
ORD_000565,Warsaw_Hub,2026-05-07,2026-05-07
ORD_000566,Rural_East,2026-05-04,2026-05-04
ORD_000567,Rural_East,2026-05-06,2026-05-06
ORD_000568,Warsaw_Hub,2026-05-05,2026-05-05
ORD_000569,Southern_Nodes,2026-05-07,2026-05-07
ORD_000570,Warsaw_Hub,2026-05-08,2026-05-08
ORD_000571,Warsaw_Hub,2026-05-06,2026-05-06
ORD_000572,Warsaw_Hub,2026-05-08,2026-05-08
ORD_000573,Warsaw_Hub,2026-05-04,2026-05-04
ORD_000574,Warsaw_Hub,2026-05-07,2026-05-08
ORD_000575,Southern_Nodes,2026-05-07,2026-05-09
ORD_000576,Southern_Nodes,2026-05-08,2026-05-08
ORD_000577,Warsaw_Hub,2026-05-03,2026-05-03
ORD_000578,Warsaw_Hub,2026-05-04,2026-05-04
ORD_000579,Poznan_Hub,2026-05-05,2026-05-06
ORD_000580,Poznan_Hub,2026-05-08,2026-05-08
ORD_000581,Poznan_Hub,2026-05-04,2026-05-04
ORD_000582,Southern_Nodes,2026-05-06,2026-05-06
ORD_000583,Warsaw_Hub,2026-05-03,2026-05-03
ORD_000584,Poznan_Hub,2026-05-02,2026-05-02
ORD_000585,Poznan_Hub,2026-05-05,2026-05-05
ORD_000586,Warsaw_Hub,2026-05-06,2026-05-06
ORD_000587,Southern_Nodes,2026-05-07,2026-05-07
ORD_000588,Poznan_Hub,2026-05-08,2026-05-08
ORD_000589,Warsaw_Hub,2026-05-02,2026-05-03
ORD_000590,Poznan_Hub,2026-05-03,2026-05-03
ORD_000591,Poznan_Hub,2026-05-02,2026-05-02
ORD_000592,Warsaw_Hub,2026-05-05,2026-05-05
ORD_000593,Poznan_Hub,2026-05-02,2026-05-02
ORD_000594,Warsaw_Hub,2026-05-07,2026-05-07
ORD_000595,Rural_East,2026-05-07,2026-05-08
ORD_000596,Southern_Nodes,2026-05-04,2026-05-05
ORD_000597,Warsaw_Hub,2026-05-08,2026-05-08
ORD_000598,Warsaw_Hub,2026-05-07,2026-05-07
ORD_000599,Warsaw_Hub,2026-05-03,2026-05-03
ORD_000600,Warsaw_Hub,2026-05-07,2026-05-07
ORD_000601,Warsaw_Hub,2026-05-08,2026-05-08
ORD_000602,Southern_Nodes,2026-05-06,2026-05-06
ORD_000603,Poznan_Hub,2026-05-07,2026-05-07
ORD_000604,Warsaw_Hub,2026-05-05,2026-05-05
ORD_000605,Poznan_Hub,2026-05-07,2026-05-07
ORD_000606,Warsaw_Hub,2026-05-05,2026-05-05
ORD_000607,Southern_Nodes,2026-05-07,2026-05-07
ORD_000608,Warsaw_Hub,2026-05-06,2026-05-06
ORD_000609,Warsaw_Hub,2026-05-03,2026-05-03
ORD_000610,Warsaw_Hub,2026-05-02,2026-05-02
ORD_000611,Poznan_Hub,2026-05-03,2026-05-03
ORD_000612,Warsaw_Hub,2026-05-07,2026-05-07
ORD_000613,Warsaw_Hub,2026-05-06,2026-05-06
ORD_000614,Rural_East,2026-05-10,2026-05-10
ORD_000615,Warsaw_Hub,2026-05-07,2026-05-07
ORD_000616,Warsaw_Hub,2026-05-06,2026-05-07
ORD_000617,Warsaw_Hub,2026-05-02,2026-05-02
ORD_000618,Warsaw_Hub,2026-05-07,2026-05-07
ORD_000619,Southern_Nodes,2026-05-10,2026-05-10
ORD_000620,Poznan_Hub,2026-05-08,2026-05-08
ORD_000621,Rural_East,2026-05-05,2026-05-06
ORD_000622,Poznan_Hub,2026-05-06,2026-05-06
ORD_000623,Southern_Nodes,2026-05-05,2026-05-05
ORD_000624,Poznan_Hub,2026-05-06,2026-05-06
ORD_000625,Poznan_Hub,2026-05-04,2026-05-04
ORD_000626,Warsaw_Hub,2026-05-03,2026-05-03
ORD_000627,Poznan_Hub,2026-05-07,2026-05-07
ORD_000628,Warsaw_Hub,2026-05-04,2026-05-04
ORD_000629,Southern_Nodes,2026-05-11,2026-05-11
ORD_000630,Warsaw_Hub,2026-05-04,2026-05-04
ORD_000631,Poznan_Hub,2026-05-04,2026-05-04
ORD_000632,Poznan_Hub,2026-05-02,2026-05-02
ORD_000633,Poznan_Hub,2026-05-06,2026-05-06
ORD_000634,Poznan_Hub,2026-05-02,2026-05-02
ORD_000635,Warsaw_Hub,2026-05-02,2026-05-02
ORD_000636,Southern_Nodes,2026-05-04,2026-05-04
ORD_000637,Rural_East,2026-05-10,2026-05-10
ORD_000638,Warsaw_Hub,2026-05-07,2026-05-07
ORD_000639,Warsaw_Hub,2026-05-02,2026-05-02
ORD_000640,Poznan_Hub,2026-05-06,2026-05-06
ORD_000641,Poznan_Hub,2026-05-02,2026-05-02
ORD_000642,Warsaw_Hub,2026-05-02,2026-05-02
ORD_000643,Poznan_Hub,2026-05-05,2026-05-05
ORD_000644,Poznan_Hub,2026-05-03,2026-05-03
ORD_000645,Warsaw_Hub,2026-05-06,2026-05-06
ORD_000646,Warsaw_Hub,2026-05-04,2026-05-04
ORD_000647,Rural_East,2026-05-05,2026-05-05
ORD_000648,Poznan_Hub,2026-05-07,2026-05-07
ORD_000649,Poznan_Hub,2026-05-02,2026-05-02
ORD_000650,Southern_Nodes,2026-05-07,2026-05-07
ORD_000651,Poznan_Hub,2026-05-06,2026-05-06
ORD_000652,Poznan_Hub,2026-05-03,2026-05-03
ORD_000653,Poznan_Hub,2026-05-02,2026-05-02
ORD_000654,Rural_East,2026-05-06,2026-05-06
ORD_000655,Southern_Nodes,2026-05-08,2026-05-08
ORD_000656,Rural_East,2026-05-06,2026-05-06
ORD_000657,Southern_Nodes,2026-05-09,2026-05-09
ORD_000658,Rural_East,2026-05-04,2026-05-04
ORD_000659,Poznan_Hub,2026-05-07,2026-05-07
ORD_000660,Warsaw_Hub,2026-05-03,2026-05-03
ORD_000661,Warsaw_Hub,2026-05-02,2026-05-02
ORD_000662,Rural_East,2026-05-04,2026-05-04
ORD_000663,Poznan_Hub,2026-05-05,2026-05-05
ORD_000664,Warsaw_Hub,2026-05-06,2026-05-07
ORD_000665,Poznan_Hub,2026-05-02,2026-05-02
ORD_000666,Warsaw_Hub,2026-05-03,2026-05-03
ORD_000667,Warsaw_Hub,2026-05-05,2026-05-05
ORD_000668,Warsaw_Hub,2026-05-04,2026-05-04
ORD_000669,Poznan_Hub,2026-05-07,2026-05-07
ORD_000670,Poznan_Hub,2026-05-05,2026-05-06
ORD_000671,Southern_Nodes,2026-05-08,2026-05-08
ORD_000672,Rural_East,2026-05-04,2026-05-04
ORD_000673,Warsaw_Hub,2026-05-08,2026-05-08
ORD_000674,Poznan_Hub,2026-05-08,2026-05-08
ORD_000675,Warsaw_Hub,2026-05-06,2026-05-06
ORD_000676,Poznan_Hub,2026-05-05,2026-05-05
ORD_000677,Poznan_Hub,2026-05-04,2026-05-04
ORD_000678,Southern_Nodes,2026-05-09,2026-05-09
ORD_000679,Poznan_Hub,2026-05-07,2026-05-07
ORD_000680,Poznan_Hub,2026-05-09,2026-05-09
ORD_000681,Warsaw_Hub,2026-05-06,2026-05-06
ORD_000682,Warsaw_Hub,2026-05-03,2026-05-03
ORD_000683,Warsaw_Hub,2026-05-03,2026-05-03
ORD_000684,Warsaw_Hub,2026-05-03,2026-05-03
ORD_000685,Southern_Nodes,2026-05-06,2026-05-06
ORD_000686,Warsaw_Hub,2026-05-07,2026-05-07
ORD_000687,Rural_East,2026-05-05,2026-05-06
ORD_000688,Warsaw_Hub,2026-05-07,2026-05-07
ORD_000689,Poznan_Hub,2026-05-08,2026-05-08
ORD_000690,Warsaw_Hub,2026-05-05,2026-05-05
ORD_000691,Warsaw_Hub,2026-05-08,2026-05-08
ORD_000692,Warsaw_Hub,2026-05-06,2026-05-06
ORD_000693,Poznan_Hub,2026-05-06,2026-05-06
ORD_000694,Poznan_Hub,2026-05-08,2026-05-08
ORD_000695,Rural_East,2026-05-05,2026-05-05
ORD_000696,Poznan_Hub,2026-05-06,2026-05-06
ORD_000697,Poznan_Hub,2026-05-09,2026-05-09
ORD_000698,Poznan_Hub,2026-05-04,2026-05-04
ORD_000699,Warsaw_Hub,2026-05-04,2026-05-04
ORD_000700,Warsaw_Hub,2026-05-08,2026-05-08
ORD_000701,Warsaw_Hub,2026-05-04,2026-05-04
ORD_000702,Rural_East,2026-05-05,2026-05-05
ORD_000703,Poznan_Hub,2026-05-07,2026-05-07
ORD_000704,Poznan_Hub,2026-05-05,2026-05-05
ORD_000705,Poznan_Hub,2026-05-07,2026-05-07
ORD_000706,Warsaw_Hub,2026-05-06,2026-05-06
ORD_000707,Southern_Nodes,2026-05-06,2026-05-06
ORD_000708,Poznan_Hub,2026-05-02,2026-05-02
ORD_000709,Southern_Nodes,2026-05-09,2026-05-09
ORD_000710,Warsaw_Hub,2026-05-06,2026-05-06
ORD_000711,Poznan_Hub,2026-05-03,2026-05-03
ORD_000712,Warsaw_Hub,2026-05-03,2026-05-03
ORD_000713,Rural_East,2026-05-08,2026-05-09
ORD_000714,Warsaw_Hub,2026-05-03,2026-05-03
ORD_000715,Rural_East,2026-05-10,2026-05-10
ORD_000716,Rural_East,2026-05-07,2026-05-09
ORD_000717,Southern_Nodes,2026-05-04,2026-05-04
ORD_000718,Warsaw_Hub,2026-05-05,2026-05-05
ORD_000719,Poznan_Hub,2026-05-06,2026-05-06
ORD_000720,Rural_East,2026-05-05,2026-05-05
ORD_000721,Rural_East,2026-05-06,2026-05-06
ORD_000722,Poznan_Hub,2026-05-04,2026-05-04
ORD_000723,Warsaw_Hub,2026-05-02,2026-05-02
ORD_000724,Warsaw_Hub,2026-05-05,2026-05-05
ORD_000725,Rural_East,2026-05-05,2026-05-05
ORD_000726,Southern_Nodes,2026-05-05,2026-05-05
ORD_000727,Warsaw_Hub,2026-05-03,2026-05-03
ORD_000728,Poznan_Hub,2026-05-05,2026-05-05
ORD_000729,Rural_East,2026-05-05,2026-05-05
ORD_000730,Warsaw_Hub,2026-05-07,2026-05-07
ORD_000731,Warsaw_Hub,2026-05-08,2026-05-08
ORD_000732,Poznan_Hub,2026-05-05,2026-05-05
ORD_000733,Warsaw_Hub,2026-05-03,2026-05-04
ORD_000734,Warsaw_Hub,2026-05-03,2026-05-03
ORD_000735,Poznan_Hub,2026-05-06,2026-05-06
ORD_000736,Warsaw_Hub,2026-05-06,2026-05-06
ORD_000737,Poznan_Hub,2026-05-02,2026-05-02
ORD_000738,Poznan_Hub,2026-05-04,2026-05-04
ORD_000739,Warsaw_Hub,2026-05-04,2026-05-04
ORD_000740,Warsaw_Hub,2026-05-04,2026-05-04
ORD_000741,Warsaw_Hub,2026-05-07,2026-05-08
ORD_000742,Warsaw_Hub,2026-05-04,2026-05-04
ORD_000743,Southern_Nodes,2026-05-08,2026-05-08
ORD_000744,Rural_East,2026-05-08,2026-05-08
ORD_000745,Warsaw_Hub,2026-05-04,2026-05-04
ORD_000746,Rural_East,2026-05-10,2026-05-10
ORD_000747,Warsaw_Hub,2026-05-04,2026-05-05
ORD_000748,Warsaw_Hub,2026-05-03,2026-05-03
ORD_000749,Southern_Nodes,2026-05-05,2026-05-05
ORD_000750,Warsaw_Hub,2026-05-05,2026-05-05
ORD_000751,Warsaw_Hub,2026-05-05,2026-05-05
ORD_000752,Poznan_Hub,2026-05-07,2026-05-07
ORD_000753,Warsaw_Hub,2026-05-05,2026-05-05
ORD_000754,Warsaw_Hub,2026-05-06,2026-05-06
ORD_000755,Poznan_Hub,2026-05-04,2026-05-04
ORD_000756,Poznan_Hub,2026-05-08,2026-05-08
ORD_000757,Warsaw_Hub,2026-05-06,2026-05-06
ORD_000758,Warsaw_Hub,2026-05-05,2026-05-05
ORD_000759,Poznan_Hub,2026-05-04,2026-05-04
ORD_000760,Warsaw_Hub,2026-05-03,2026-05-03
ORD_000761,Southern_Nodes,2026-05-09,2026-05-09
ORD_000762,Poznan_Hub,2026-05-02,2026-05-02
ORD_000763,Warsaw_Hub,2026-05-04,2026-05-04
ORD_000764,Southern_Nodes,2026-05-10,2026-05-10
ORD_000765,Rural_East,2026-05-08,2026-05-08
ORD_000766,Warsaw_Hub,2026-05-05,2026-05-05
ORD_000767,Warsaw_Hub,2026-05-07,2026-05-07
ORD_000768,Warsaw_Hub,2026-05-07,2026-05-07
ORD_000769,Poznan_Hub,2026-05-06,2026-05-06
ORD_000770,Warsaw_Hub,2026-05-05,2026-05-05
ORD_000771,Warsaw_Hub,2026-05-08,2026-05-08
ORD_000772,Warsaw_Hub,2026-05-05,2026-05-05
ORD_000773,Warsaw_Hub,2026-05-03,2026-05-03
ORD_000774,Poznan_Hub,2026-05-07,2026-05-07
ORD_000775,Poznan_Hub,2026-05-04,2026-05-04
ORD_000776,Rural_East,2026-05-07,2026-05-08
ORD_000777,Poznan_Hub,2026-05-08,2026-05-08
ORD_000778,Rural_East,2026-05-10,2026-05-10
ORD_000779,Warsaw_Hub,2026-05-07,2026-05-07
ORD_000780,Warsaw_Hub,2026-05-04,2026-05-04
ORD_000781,Poznan_Hub,2026-05-02,2026-05-02
ORD_000782,Poznan_Hub,2026-05-05,2026-05-05
ORD_000783,Warsaw_Hub,2026-05-02,2026-05-02
ORD_000784,Poznan_Hub,2026-05-02,2026-05-02
ORD_000785,Rural_East,2026-05-08,2026-05-08
ORD_000786,Warsaw_Hub,2026-05-07,2026-05-07
ORD_000787,Poznan_Hub,2026-05-03,2026-05-03
ORD_000788,Poznan_Hub,2026-05-02,2026-05-02
ORD_000789,Warsaw_Hub,2026-05-07,2026-05-07
ORD_000790,Poznan_Hub,2026-05-06,2026-05-06
ORD_000791,Warsaw_Hub,2026-05-03,2026-05-03
ORD_000792,Rural_East,2026-05-04,2026-05-05
ORD_000793,Warsaw_Hub,2026-05-08,2026-05-08
ORD_000794,Warsaw_Hub,2026-05-08,2026-05-08
ORD_000795,Poznan_Hub,2026-05-07,2026-05-08
ORD_000796,Poznan_Hub,2026-05-02,2026-05-03
ORD_000797,Poznan_Hub,2026-05-08,2026-05-08
ORD_000798,Warsaw_Hub,2026-05-08,2026-05-08
ORD_000799,Rural_East,2026-05-04,2026-05-04
ORD_000800,Warsaw_Hub,2026-05-02,2026-05-02
ORD_000801,Warsaw_Hub,2026-05-07,2026-05-07
ORD_000802,Warsaw_Hub,2026-05-03,2026-05-03
ORD_000803,Warsaw_Hub,2026-05-06,2026-05-06
ORD_000804,Warsaw_Hub,2026-05-03,2026-05-03
ORD_000805,Poznan_Hub,2026-05-08,2026-05-08
ORD_000806,Warsaw_Hub,2026-05-08,2026-05-08
ORD_000807,Poznan_Hub,2026-05-08,2026-05-08
ORD_000808,Warsaw_Hub,2026-05-03,2026-05-03
ORD_000809,Southern_Nodes,2026-05-04,2026-05-04
ORD_000810,Poznan_Hub,2026-05-07,2026-05-07
ORD_000811,Poznan_Hub,2026-05-06,2026-05-06
ORD_000812,Warsaw_Hub,2026-05-07,2026-05-07
ORD_000813,Poznan_Hub,2026-05-06,2026-05-06
ORD_000814,Warsaw_Hub,2026-05-02,2026-05-02
ORD_000815,Warsaw_Hub,2026-05-03,2026-05-03
ORD_000816,Warsaw_Hub,2026-05-02,2026-05-02
ORD_000817,Rural_East,2026-05-06,2026-05-06
ORD_000818,Poznan_Hub,2026-05-05,2026-05-05
ORD_000819,Rural_East,2026-05-04,2026-05-05
ORD_000820,Rural_East,2026-05-09,2026-05-09
ORD_000821,Warsaw_Hub,2026-05-07,2026-05-07
ORD_000822,Southern_Nodes,2026-05-06,2026-05-06
ORD_000823,Rural_East,2026-05-05,2026-05-05
ORD_000824,Warsaw_Hub,2026-05-07,2026-05-07
ORD_000825,Rural_East,2026-05-07,2026-05-08
ORD_000826,Southern_Nodes,2026-05-07,2026-05-07
ORD_000827,Warsaw_Hub,2026-05-08,2026-05-08
ORD_000828,Warsaw_Hub,2026-05-05,2026-05-05
ORD_000829,Southern_Nodes,2026-05-04,2026-05-04
ORD_000830,Rural_East,2026-05-07,2026-05-07
ORD_000831,Rural_East,2026-05-04,2026-05-04
ORD_000832,Poznan_Hub,2026-05-05,2026-05-05
ORD_000833,Poznan_Hub,2026-05-03,2026-05-03
ORD_000834,Southern_Nodes,2026-05-10,2026-05-10
ORD_000835,Southern_Nodes,2026-05-08,2026-05-08
ORD_000836,Poznan_Hub,2026-05-07,2026-05-07
ORD_000837,Southern_Nodes,2026-05-07,2026-05-07
ORD_000838,Warsaw_Hub,2026-05-05,2026-05-05
ORD_000839,Warsaw_Hub,2026-05-06,2026-05-06
ORD_000840,Warsaw_Hub,2026-05-03,2026-05-03
ORD_000841,Poznan_Hub,2026-05-03,2026-05-03
ORD_000842,Poznan_Hub,2026-05-02,2026-05-02
ORD_000843,Poznan_Hub,2026-05-06,2026-05-06
ORD_000844,Warsaw_Hub,2026-05-03,2026-05-03
ORD_000845,Warsaw_Hub,2026-05-04,2026-05-04
ORD_000846,Poznan_Hub,2026-05-08,2026-05-08
ORD_000847,Rural_East,2026-05-06,2026-05-07
ORD_000848,Warsaw_Hub,2026-05-03,2026-05-03
ORD_000849,Warsaw_Hub,2026-05-08,2026-05-08
ORD_000850,Rural_East,2026-05-07,2026-05-07
ORD_000851,Warsaw_Hub,2026-05-03,2026-05-03
ORD_000852,Rural_East,2026-05-07,2026-05-07
ORD_000853,Southern_Nodes,2026-05-09,2026-05-09
ORD_000854,Warsaw_Hub,2026-05-05,2026-05-05
ORD_000855,Warsaw_Hub,2026-05-04,2026-05-04
ORD_000856,Poznan_Hub,2026-05-08,2026-05-08
ORD_000857,Warsaw_Hub,2026-05-02,2026-05-02
ORD_000858,Southern_Nodes,2026-05-10,2026-05-10
ORD_000859,Warsaw_Hub,2026-05-05,2026-05-05
ORD_000860,Warsaw_Hub,2026-05-08,2026-05-08
ORD_000861,Southern_Nodes,2026-05-07,2026-05-07
ORD_000862,Warsaw_Hub,2026-05-04,2026-05-04
ORD_000863,Poznan_Hub,2026-05-08,2026-05-08
ORD_000864,Poznan_Hub,2026-05-07,2026-05-08
ORD_000865,Warsaw_Hub,2026-05-06,2026-05-06
ORD_000866,Warsaw_Hub,2026-05-08,2026-05-08
ORD_000867,Rural_East,2026-05-09,2026-05-09
ORD_000868,Rural_East,2026-05-06,2026-05-07
ORD_000869,Rural_East,2026-05-04,2026-05-04
ORD_000870,Rural_East,2026-05-07,2026-05-08
ORD_000871,Poznan_Hub,2026-05-05,2026-05-05
ORD_000872,Rural_East,2026-05-04,2026-05-05
ORD_000873,Warsaw_Hub,2026-05-06,2026-05-06
ORD_000874,Rural_East,2026-05-10,2026-05-10
ORD_000875,Rural_East,2026-05-07,2026-05-07
ORD_000876,Warsaw_Hub,2026-05-08,2026-05-08
ORD_000877,Southern_Nodes,2026-05-10,2026-05-10
ORD_000878,Rural_East,2026-05-04,2026-05-04
ORD_000879,Southern_Nodes,2026-05-05,2026-05-06
ORD_000880,Southern_Nodes,2026-05-07,2026-05-07
ORD_000881,Rural_East,2026-05-07,2026-05-07
ORD_000882,Warsaw_Hub,2026-05-05,2026-05-05
ORD_000883,Rural_East,2026-05-04,2026-05-04
ORD_000884,Warsaw_Hub,2026-05-06,2026-05-06
ORD_000885,Rural_East,2026-05-06,2026-05-07
ORD_000886,Warsaw_Hub,2026-05-02,2026-05-02
ORD_000887,Warsaw_Hub,2026-05-06,2026-05-06
ORD_000888,Warsaw_Hub,2026-05-02,2026-05-02
ORD_000889,Warsaw_Hub,2026-05-05,2026-05-05
ORD_000890,Warsaw_Hub,2026-05-06,2026-05-06
ORD_000891,Rural_East,2026-05-05,2026-05-06
ORD_000892,Rural_East,2026-05-07,2026-05-07
ORD_000893,Southern_Nodes,2026-05-05,2026-05-07
ORD_000894,Poznan_Hub,2026-05-06,2026-05-06
ORD_000895,Warsaw_Hub,2026-05-05,2026-05-05
ORD_000896,Poznan_Hub,2026-05-05,2026-05-05
ORD_000897,Poznan_Hub,2026-05-03,2026-05-04
ORD_000898,Southern_Nodes,2026-05-08,2026-05-10
ORD_000899,Warsaw_Hub,2026-05-02,2026-05-02
ORD_000900,Rural_East,2026-05-09,2026-05-09
ORD_000901,Warsaw_Hub,2026-05-02,2026-05-02
ORD_000902,Poznan_Hub,2026-05-03,2026-05-03
ORD_000903,Poznan_Hub,2026-05-07,2026-05-07
ORD_000904,Poznan_Hub,2026-05-05,2026-05-05
ORD_000905,Warsaw_Hub,2026-05-05,2026-05-05
ORD_000906,Southern_Nodes,2026-05-04,2026-05-04
ORD_000907,Warsaw_Hub,2026-05-07,2026-05-07
ORD_000908,Southern_Nodes,2026-05-07,2026-05-07
ORD_000909,Poznan_Hub,2026-05-06,2026-05-06
ORD_000910,Poznan_Hub,2026-05-07,2026-05-07
ORD_000911,Southern_Nodes,2026-05-10,2026-05-10
ORD_000912,Poznan_Hub,2026-05-07,2026-05-07
ORD_000913,Warsaw_Hub,2026-05-06,2026-05-06
ORD_000914,Rural_East,2026-05-06,2026-05-06
ORD_000915,Warsaw_Hub,2026-05-07,2026-05-07
ORD_000916,Warsaw_Hub,2026-05-08,2026-05-08
ORD_000917,Southern_Nodes,2026-05-06,2026-05-06
ORD_000918,Southern_Nodes,2026-05-08,2026-05-08
ORD_000919,Southern_Nodes,2026-05-09,2026-05-09
ORD_000920,Rural_East,2026-05-07,2026-05-07
ORD_000921,Poznan_Hub,2026-05-04,2026-05-04
ORD_000922,Rural_East,2026-05-10,2026-05-11
ORD_000923,Warsaw_Hub,2026-05-03,2026-05-03
ORD_000924,Southern_Nodes,2026-05-08,2026-05-08
ORD_000925,Warsaw_Hub,2026-05-03,2026-05-03
ORD_000926,Poznan_Hub,2026-05-03,2026-05-03
ORD_000927,Rural_East,2026-05-10,2026-05-10
ORD_000928,Poznan_Hub,2026-05-08,2026-05-08
ORD_000929,Southern_Nodes,2026-05-08,2026-05-08
ORD_000930,Warsaw_Hub,2026-05-07,2026-05-07
ORD_000931,Warsaw_Hub,2026-05-04,2026-05-04
ORD_000932,Warsaw_Hub,2026-05-07,2026-05-07
ORD_000933,Poznan_Hub,2026-05-03,2026-05-03
ORD_000934,Southern_Nodes,2026-05-08,2026-05-08
ORD_000935,Warsaw_Hub,2026-05-02,2026-05-02
ORD_000936,Poznan_Hub,2026-05-02,2026-05-02
ORD_000937,Warsaw_Hub,2026-05-02,2026-05-02
ORD_000938,Poznan_Hub,2026-05-04,2026-05-04
ORD_000939,Poznan_Hub,2026-05-04,2026-05-04
ORD_000940,Warsaw_Hub,2026-05-02,2026-05-02
ORD_000941,Warsaw_Hub,2026-05-06,2026-05-06
ORD_000942,Poznan_Hub,2026-05-04,2026-05-04
ORD_000943,Poznan_Hub,2026-05-06,2026-05-06
ORD_000944,Southern_Nodes,2026-05-08,2026-05-08
ORD_000945,Southern_Nodes,2026-05-10,2026-05-10
ORD_000946,Poznan_Hub,2026-05-05,2026-05-05
ORD_000947,Rural_East,2026-05-09,2026-05-09
ORD_000948,Warsaw_Hub,2026-05-05,2026-05-05
ORD_000949,Poznan_Hub,2026-05-06,2026-05-06
ORD_000950,Warsaw_Hub,2026-05-03,2026-05-03
ORD_000951,Southern_Nodes,2026-05-08,2026-05-08
ORD_000952,Poznan_Hub,2026-05-05,2026-05-05
ORD_000953,Warsaw_Hub,2026-05-08,2026-05-08
ORD_000954,Warsaw_Hub,2026-05-08,2026-05-08
ORD_000955,Rural_East,2026-05-07,2026-05-07
ORD_000956,Warsaw_Hub,2026-05-06,2026-05-06
ORD_000957,Warsaw_Hub,2026-05-08,2026-05-08
ORD_000958,Warsaw_Hub,2026-05-03,2026-05-03
ORD_000959,Poznan_Hub,2026-05-02,2026-05-02
ORD_000960,Warsaw_Hub,2026-05-05,2026-05-05
ORD_000961,Warsaw_Hub,2026-05-08,2026-05-08
ORD_000962,Rural_East,2026-05-09,2026-05-09
ORD_000963,Poznan_Hub,2026-05-03,2026-05-03
ORD_000964,Poznan_Hub,2026-05-05,2026-05-06
ORD_000965,Warsaw_Hub,2026-05-07,2026-05-07
ORD_000966,Poznan_Hub,2026-05-08,2026-05-08
ORD_000967,Warsaw_Hub,2026-05-02,2026-05-02
ORD_000968,Warsaw_Hub,2026-05-06,2026-05-06
ORD_000969,Poznan_Hub,2026-05-03,2026-05-03
ORD_000970,Warsaw_Hub,2026-05-06,2026-05-06
ORD_000971,Warsaw_Hub,2026-05-04,2026-05-04
ORD_000972,Rural_East,2026-05-09,2026-05-09
ORD_000973,Southern_Nodes,2026-05-06,2026-05-06
ORD_000974,Poznan_Hub,2026-05-08,2026-05-08
ORD_000975,Warsaw_Hub,2026-05-03,2026-05-03
ORD_000976,Warsaw_Hub,2026-05-05,2026-05-05
ORD_000977,Southern_Nodes,2026-05-10,2026-05-11
ORD_000978,Rural_East,2026-05-07,2026-05-07
ORD_000979,Warsaw_Hub,2026-05-03,2026-05-03
ORD_000980,Rural_East,2026-05-05,2026-05-05
ORD_000981,Poznan_Hub,2026-05-06,2026-05-06
ORD_000982,Poznan_Hub,2026-05-07,2026-05-07
ORD_000983,Rural_East,2026-05-04,2026-05-04
ORD_000984,Rural_East,2026-05-06,2026-05-06
ORD_000985,Warsaw_Hub,2026-05-02,2026-05-02
ORD_000986,Rural_East,2026-05-08,2026-05-08
ORD_000987,Poznan_Hub,2026-05-05,2026-05-05
ORD_000988,Poznan_Hub,2026-05-02,2026-05-02
ORD_000989,Warsaw_Hub,2026-05-08,2026-05-08
ORD_000990,Warsaw_Hub,2026-05-07,2026-05-07
ORD_000991,Warsaw_Hub,2026-05-05,2026-05-05
ORD_000992,Warsaw_Hub,2026-05-08,2026-05-08
ORD_000993,Southern_Nodes,2026-05-09,2026-05-09
ORD_000994,Poznan_Hub,2026-05-06,2026-05-06
ORD_000995,Rural_East,2026-05-09,2026-05-09
ORD_000996,Poznan_Hub,2026-05-08,2026-05-08
ORD_000997,Warsaw_Hub,2026-05-07,2026-05-07
ORD_000998,Warsaw_Hub,2026-05-03,2026-05-03
ORD_000999,Warsaw_Hub,2026-05-08,2026-05-08
ORD_001000,Poznan_Hub,2026-05-05,2026-05-05
ORD_001001,Warsaw_Hub,2026-05-06,2026-05-06
ORD_001002,Poznan_Hub,2026-05-06,2026-05-06
ORD_001003,Warsaw_Hub,2026-05-04,2026-05-04
ORD_001004,Poznan_Hub,2026-05-04,2026-05-04
ORD_001005,Southern_Nodes,2026-05-04,2026-05-04
ORD_001006,Warsaw_Hub,2026-05-05,2026-05-05
ORD_001007,Southern_Nodes,2026-05-04,2026-05-04
ORD_001008,Warsaw_Hub,2026-05-06,2026-05-06
ORD_001009,Poznan_Hub,2026-05-04,2026-05-04
ORD_001010,Poznan_Hub,2026-05-08,2026-05-08
ORD_001011,Warsaw_Hub,2026-05-08,2026-05-08
ORD_001012,Rural_East,2026-05-05,2026-05-05
ORD_001013,Rural_East,2026-05-09,2026-05-09
ORD_001014,Poznan_Hub,2026-05-02,2026-05-02
ORD_001015,Warsaw_Hub,2026-05-07,2026-05-07
ORD_001016,Rural_East,2026-05-04,2026-05-04
ORD_001017,Rural_East,2026-05-07,2026-05-08
ORD_001018,Warsaw_Hub,2026-05-08,2026-05-08
ORD_001019,Poznan_Hub,2026-05-07,2026-05-07
ORD_001020,Poznan_Hub,2026-05-02,2026-05-02
ORD_001021,Rural_East,2026-05-10,2026-05-10
ORD_001022,Warsaw_Hub,2026-05-02,2026-05-02
ORD_001023,Rural_East,2026-05-05,2026-05-05
ORD_001024,Warsaw_Hub,2026-05-07,2026-05-07
ORD_001025,Warsaw_Hub,2026-05-02,2026-05-02
ORD_001026,Warsaw_Hub,2026-05-03,2026-05-03
ORD_001027,Warsaw_Hub,2026-05-06,2026-05-06
ORD_001028,Poznan_Hub,2026-05-03,2026-05-03
ORD_001029,Warsaw_Hub,2026-05-05,2026-05-05
ORD_001030,Warsaw_Hub,2026-05-03,2026-05-03
ORD_001031,Poznan_Hub,2026-05-03,2026-05-03
ORD_001032,Rural_East,2026-05-06,2026-05-07
ORD_001033,Poznan_Hub,2026-05-08,2026-05-08
ORD_001034,Rural_East,2026-05-09,2026-05-09
ORD_001035,Southern_Nodes,2026-05-09,2026-05-09
ORD_001036,Southern_Nodes,2026-05-05,2026-05-05
ORD_001037,Poznan_Hub,2026-05-09,2026-05-09
ORD_001038,Poznan_Hub,2026-05-07,2026-05-07
ORD_001039,Warsaw_Hub,2026-05-03,2026-05-03
ORD_001040,Poznan_Hub,2026-05-08,2026-05-08
ORD_001041,Warsaw_Hub,2026-05-04,2026-05-04
ORD_001042,Poznan_Hub,2026-05-06,2026-05-06
ORD_001043,Rural_East,2026-05-09,2026-05-09
ORD_001044,Warsaw_Hub,2026-05-02,2026-05-02
ORD_001045,Poznan_Hub,2026-05-05,2026-05-05
ORD_001046,Poznan_Hub,2026-05-07,2026-05-07
ORD_001047,Poznan_Hub,2026-05-07,2026-05-07
ORD_001048,Poznan_Hub,2026-05-03,2026-05-03
ORD_001049,Rural_East,2026-05-07,2026-05-07
ORD_001050,Poznan_Hub,2026-05-05,2026-05-05
ORD_001051,Warsaw_Hub,2026-05-08,2026-05-08
ORD_001052,Warsaw_Hub,2026-05-02,2026-05-02
ORD_001053,Rural_East,2026-05-08,2026-05-08
ORD_001054,Warsaw_Hub,2026-05-03,2026-05-03
ORD_001055,Southern_Nodes,2026-05-04,2026-05-05
ORD_001056,Warsaw_Hub,2026-05-05,2026-05-05
ORD_001057,Warsaw_Hub,2026-05-07,2026-05-07
ORD_001058,Warsaw_Hub,2026-05-05,2026-05-05
ORD_001059,Warsaw_Hub,2026-05-06,2026-05-06
ORD_001060,Warsaw_Hub,2026-05-05,2026-05-05
ORD_001061,Poznan_Hub,2026-05-02,2026-05-02
ORD_001062,Southern_Nodes,2026-05-10,2026-05-10
ORD_001063,Warsaw_Hub,2026-05-07,2026-05-07
ORD_001064,Warsaw_Hub,2026-05-02,2026-05-02
ORD_001065,Warsaw_Hub,2026-05-04,2026-05-04
ORD_001066,Poznan_Hub,2026-05-06,2026-05-06
ORD_001067,Warsaw_Hub,2026-05-08,2026-05-08
ORD_001068,Warsaw_Hub,2026-05-08,2026-05-08
ORD_001069,Southern_Nodes,2026-05-10,2026-05-10
ORD_001070,Warsaw_Hub,2026-05-06,2026-05-06
ORD_001071,Warsaw_Hub,2026-05-07,2026-05-07
ORD_001072,Warsaw_Hub,2026-05-03,2026-05-03
ORD_001073,Warsaw_Hub,2026-05-05,2026-05-05
ORD_001074,Poznan_Hub,2026-05-03,2026-05-03
ORD_001075,Warsaw_Hub,2026-05-06,2026-05-06
ORD_001076,Poznan_Hub,2026-05-02,2026-05-02
ORD_001077,Warsaw_Hub,2026-05-08,2026-05-08
ORD_001078,Warsaw_Hub,2026-05-07,2026-05-07
ORD_001079,Poznan_Hub,2026-05-03,2026-05-03
ORD_001080,Poznan_Hub,2026-05-07,2026-05-07
ORD_001081,Warsaw_Hub,2026-05-04,2026-05-04
ORD_001082,Warsaw_Hub,2026-05-04,2026-05-04
ORD_001083,Warsaw_Hub,2026-05-02,2026-05-02
ORD_001084,Warsaw_Hub,2026-05-05,2026-05-05
ORD_001085,Rural_East,2026-05-09,2026-05-09
ORD_001086,Warsaw_Hub,2026-05-05,2026-05-05
ORD_001087,Southern_Nodes,2026-05-06,2026-05-06
ORD_001088,Poznan_Hub,2026-05-07,2026-05-07
ORD_001089,Warsaw_Hub,2026-05-03,2026-05-03
ORD_001090,Poznan_Hub,2026-05-06,2026-05-06
ORD_001091,Warsaw_Hub,2026-05-06,2026-05-06
ORD_001092,Poznan_Hub,2026-05-08,2026-05-08
ORD_001093,Poznan_Hub,2026-05-06,2026-05-06
ORD_001094,Southern_Nodes,2026-05-07,2026-05-07
ORD_001095,Warsaw_Hub,2026-05-05,2026-05-05
ORD_001096,Southern_Nodes,2026-05-06,2026-05-06
ORD_001097,Poznan_Hub,2026-05-06,2026-05-06
ORD_001098,Warsaw_Hub,2026-05-05,2026-05-05
ORD_001099,Poznan_Hub,2026-05-04,2026-05-04
ORD_001100,Southern_Nodes,2026-05-08,2026-05-08
ORD_001101,Warsaw_Hub,2026-05-05,2026-05-05
ORD_001102,Poznan_Hub,2026-05-07,2026-05-07
ORD_001103,Rural_East,2026-05-05,2026-05-06
ORD_001104,Poznan_Hub,2026-05-03,2026-05-03
ORD_001105,Warsaw_Hub,2026-05-08,2026-05-08
ORD_001106,Southern_Nodes,2026-05-10,2026-05-10
ORD_001107,Warsaw_Hub,2026-05-05,2026-05-05
ORD_001108,Poznan_Hub,2026-05-03,2026-05-03
ORD_001109,Poznan_Hub,2026-05-08,2026-05-08
ORD_001110,Warsaw_Hub,2026-05-05,2026-05-05
ORD_001111,Warsaw_Hub,2026-05-06,2026-05-06
ORD_001112,Southern_Nodes,2026-05-04,2026-05-04
ORD_001113,Poznan_Hub,2026-05-03,2026-05-03
ORD_001114,Warsaw_Hub,2026-05-02,2026-05-02
ORD_001115,Warsaw_Hub,2026-05-03,2026-05-03
ORD_001116,Poznan_Hub,2026-05-08,2026-05-08
ORD_001117,Warsaw_Hub,2026-05-08,2026-05-08
ORD_001118,Southern_Nodes,2026-05-04,2026-05-05
ORD_001119,Poznan_Hub,2026-05-02,2026-05-02
ORD_001120,Poznan_Hub,2026-05-03,2026-05-03
ORD_001121,Warsaw_Hub,2026-05-07,2026-05-07
ORD_001122,Poznan_Hub,2026-05-05,2026-05-05
ORD_001123,Southern_Nodes,2026-05-08,2026-05-08
ORD_001124,Southern_Nodes,2026-05-08,2026-05-08
ORD_001125,Rural_East,2026-05-08,2026-05-08
ORD_001126,Warsaw_Hub,2026-05-05,2026-05-05
ORD_001127,Poznan_Hub,2026-05-05,2026-05-05
ORD_001128,Rural_East,2026-05-05,2026-05-06
ORD_001129,Poznan_Hub,2026-05-08,2026-05-08
ORD_001130,Rural_East,2026-05-04,2026-05-04
