order_id,user_id,timestamp,order_value_pln
ORD_000001,USR_000008,2026-05-05 12:54:12.896049,69.27
ORD_000002,USR_000010,2026-05-06 07:48:05.971407,87.8
ORD_000003,USR_000024,2026-05-01 01:39:55.504300,47.05
ORD_000004,USR_000026,2026-05-02 02:18:28.995192,103.08
ORD_000005,USR_000027,2026-05-07 10:04:58.484548,159.99
ORD_000006,USR_000030,2026-05-05 17:12:13.218506,239.18
ORD_000007,USR_000033,2026-05-07 04:20:44.816281,86.47
ORD_000008,USR_000037,2026-05-07 06:55:05.856461,157.46
ORD_000009,USR_000069,2026-05-04 13:09:55.444839,65.15
ORD_000010,USR_000070,2026-05-07 06:44:43.907219,133.84
ORD_000011,USR_000082,2026-05-04 21:56:02.309441,80.98
ORD_000012,USR_000097,2026-05-05 03:22:58.262203,208.52
ORD_000013,USR_000104,2026-05-03 09:05:14.283781,195.56
ORD_000014,USR_000106,2026-05-02 14:14:35.851731,85.73
ORD_000015,USR_000107,2026-05-02 20:02:00.664529,73.5
ORD_000016,USR_000121,2026-05-01 03:34:49.435290,69.85
ORD_000017,USR_000140,2026-05-04 21:06:04.052107,54.31
ORD_000018,USR_000144,2026-05-03 19:10:05.678523,60.63
ORD_000019,USR_000154,2026-05-01 09:03:16.845057,170.53
ORD_000020,USR_000160,2026-05-06 20:54:43.187672,488.86
ORD_000021,USR_000161,2026-05-04 21:26:06.938882,130.27
ORD_000022,USR_000170,2026-05-04 05:11:10.108743,93.57
ORD_000023,USR_000184,2026-05-03 15:44:07.763954,725.75
ORD_000024,USR_000190,2026-05-01 23:04:44.049162,344.71
ORD_000025,USR_000209,2026-05-01 05:44:00.113891,157.86
ORD_000026,USR_000215,2026-05-07 08:27:16.671985,166.24
ORD_000027,USR_000228,2026-05-06 13:04:58.039634,382.95
ORD_000028,USR_000246,2026-05-07 19:18:36.723834,82.07
ORD_000029,USR_000248,2026-05-06 12:54:46.284772,219.49
ORD_000030,USR_000258,2026-05-04 13:02:04.138240,210.23
ORD_000031,USR_000267,2026-05-04 07:55:16.001121,165.78
ORD_000032,USR_000276,2026-05-04 09:16:06.007492,553.63
ORD_000033,USR_000280,2026-05-04 01:11:41.196327,156.1
ORD_000034,USR_000303,2026-05-01 21:55:21.818784,47.74
ORD_000035,USR_000322,2026-05-02 18:56:33.413090,33.46
ORD_000036,USR_000325,2026-05-02 10:02:14.949241,48.76
ORD_000037,USR_000356,2026-05-01 12:18:05.454749,31.12
ORD_000038,USR_000366,2026-05-03 16:08:22.148527,76.74
ORD_000039,USR_000371,2026-05-03 13:32:33.072005,136.64
ORD_000040,USR_000386,2026-05-02 09:35:56.455745,48.92
ORD_000041,USR_000394,2026-05-04 20:06:21.603702,276.48
ORD_000042,USR_000400,2026-05-04 11:29:38.658898,129.16
ORD_000043,USR_000408,2026-05-05 03:21:54.684778,165.77
ORD_000044,USR_000412,2026-05-06 12:33:00.252434,81.31
ORD_000045,USR_000415,2026-05-07 14:06:38.800919,113.35
ORD_000046,USR_000436,2026-05-03 13:59:40.468643,665.17
ORD_000047,USR_000445,2026-05-02 21:11:13.944407,32.69
ORD_000048,USR_000448,2026-05-05 18:43:02.810583,33.43
ORD_000049,USR_000452,2026-05-07 16:55:57.908441,405.98
ORD_000050,USR_000455,2026-05-06 17:25:15.179145,108.99
ORD_000051,USR_000462,2026-05-04 16:49:17.866365,266.96
ORD_000052,USR_000471,2026-05-05 00:44:33.417578,458.09
ORD_000053,USR_000491,2026-05-02 17:39:19.324365,107.72
ORD_000054,USR_000501,2026-05-01 06:28:33.457447,295.52
ORD_000055,USR_000508,2026-05-04 14:31:00.762443,604.84
ORD_000056,USR_000516,2026-05-04 11:56:59.458859,476.77
ORD_000057,USR_000528,2026-05-01 12:19:07.707359,94.84
ORD_000058,USR_000529,2026-05-07 06:04:02.358380,62.2
ORD_000059,USR_000531,2026-05-06 06:05:15.829210,31.53
ORD_000060,USR_000553,2026-05-05 01:10:18.564589,165.2
ORD_000061,USR_000560,2026-05-07 19:30:40.116997,106.81
ORD_000062,USR_000593,2026-05-03 21:30:04.579758,47.37
ORD_000063,USR_000601,2026-05-02 09:25:28.944669,239.27
ORD_000064,USR_000612,2026-05-06 06:38:14.188864,65.95
ORD_000065,USR_000634,2026-05-03 14:23:23.960533,239.2
ORD_000066,USR_000652,2026-05-06 19:09:56.707319,240.73
ORD_000067,USR_000659,2026-05-04 03:44:51.176730,173.5
ORD_000068,USR_000669,2026-05-05 22:42:44.600534,145.92
ORD_000069,USR_000677,2026-05-07 03:25:27.696247,52.41
ORD_000070,USR_000684,2026-05-06 03:47:35.318907,137.42
ORD_000071,USR_000701,2026-05-02 07:51:41.490350,82.82
ORD_000072,USR_000711,2026-05-04 22:12:54.416710,406.39
ORD_000073,USR_000722,2026-05-02 15:42:48.622253,370.5
ORD_000074,USR_000727,2026-05-03 15:12:15.469414,32.06
ORD_000075,USR_000738,2026-05-04 10:38:43.466037,62.78
ORD_000076,USR_000748,2026-05-07 02:04:06.340012,135.08
ORD_000077,USR_000758,2026-05-06 06:49:19.036260,768.75
ORD_000078,USR_000760,2026-05-05 23:48:02.416037,173.04
ORD_000079,USR_000772,2026-05-05 21:26:39.939636,80.09
ORD_000080,USR_000777,2026-05-03 02:44:26.008834,96.82
ORD_000081,USR_000779,2026-05-06 14:05:24.788812,283.38
ORD_000082,USR_000815,2026-05-05 23:27:08.747083,80.55
ORD_000083,USR_000822,2026-05-01 10:06:58.830142,148.92
ORD_000084,USR_000826,2026-05-04 13:49:45.462815,35.09
ORD_000085,USR_000836,2026-05-07 18:36:56.602389,150.29
ORD_000086,USR_000838,2026-05-07 05:37:52.480515,55.54
ORD_000087,USR_000842,2026-05-04 07:27:11.599519,83.51
ORD_000088,USR_000860,2026-05-05 06:09:21.162529,61.8
ORD_000089,USR_000874,2026-05-02 23:45:53.322062,66.88
ORD_000090,USR_000895,2026-05-05 07:00:03.657272,71.83
ORD_000091,USR_000896,2026-05-02 01:59:35.982498,189.62
ORD_000092,USR_000897,2026-05-01 11:36:00.073936,396.46
ORD_000093,USR_000902,2026-05-05 03:54:22.108221,336.06
ORD_000094,USR_000910,2026-05-02 15:26:26.542300,38.89
ORD_000095,USR_000914,2026-05-07 06:00:23.026377,161.5
ORD_000096,USR_000915,2026-05-07 00:31:37.032244,193.44
ORD_000097,USR_000920,2026-05-02 22:51:25.253962,41.48
ORD_000098,USR_000921,2026-05-06 00:38:36.418873,112.46
ORD_000099,USR_000936,2026-05-02 08:45:00.198677,186.52
ORD_000100,USR_000942,2026-05-05 15:57:45.848578,42.46
ORD_000101,USR_000960,2026-05-06 23:26:23.125332,42.17
ORD_000102,USR_000971,2026-05-03 17:52:49.781508,707.49
ORD_000103,USR_000973,2026-05-02 18:09:36.694560,109.7
ORD_000104,USR_000977,2026-05-07 13:51:12.173818,84.88
ORD_000105,USR_000980,2026-05-05 00:00:27.149235,436.88
ORD_000106,USR_000990,2026-05-05 18:04:23.589223,165.22
ORD_000107,USR_000994,2026-05-04 09:24:34.104937,221.9
ORD_000108,USR_000996,2026-05-03 12:50:39.687429,161.1
ORD_000109,USR_001013,2026-05-07 17:59:57.418940,116.36
ORD_000110,USR_001014,2026-05-02 19:22:42.491965,270.91
ORD_000111,USR_001018,2026-05-07 12:48:56.926313,106.33
ORD_000112,USR_001021,2026-05-05 22:28:25.827269,133.65
ORD_000113,USR_001028,2026-05-04 07:01:11.310928,145.82
ORD_000114,USR_001030,2026-05-01 03:00:51.388727,78.07
ORD_000115,USR_001039,2026-05-07 11:59:36.065121,571.0
ORD_000116,USR_001046,2026-05-06 00:22:30.244256,165.56
ORD_000117,USR_001057,2026-05-05 05:00:52.599710,501.18
ORD_000118,USR_001104,2026-05-03 12:58:44.043226,144.11
ORD_000119,USR_001123,2026-05-03 15:13:27.286581,152.36
ORD_000120,USR_001135,2026-05-04 22:46:20.587294,151.85
ORD_000121,USR_001143,2026-05-02 12:55:16.314428,150.41
ORD_000122,USR_001146,2026-05-05 17:14:52.253157,66.72
ORD_000123,USR_001148,2026-05-03 11:06:04.621968,303.11
ORD_000124,USR_001152,2026-05-05 07:15:26.974608,222.55
ORD_000125,USR_001155,2026-05-06 20:21:02.803326,81.64
ORD_000126,USR_001165,2026-05-03 07:42:08.685418,32.94
ORD_000127,USR_001167,2026-05-01 10:56:35.519130,264.5
ORD_000128,USR_001188,2026-05-05 16:49:23.893077,139.58
ORD_000129,USR_001192,2026-05-02 02:39:41.111288,100.91
ORD_000130,USR_001198,2026-05-03 07:09:26.161681,181.44
ORD_000131,USR_001207,2026-05-06 10:53:41.570657,225.77
ORD_000132,USR_001209,2026-05-01 04:18:42.419790,186.89
ORD_000133,USR_001215,2026-05-06 20:52:52.668681,119.43
ORD_000134,USR_001217,2026-05-04 01:21:19.437219,367.53
ORD_000135,USR_001220,2026-05-04 02:53:55.709812,47.5
ORD_000136,USR_001234,2026-05-05 10:18:18.649916,75.64
ORD_000137,USR_001239,2026-05-04 06:32:35.778147,58.11
ORD_000138,USR_001245,2026-05-02 08:19:10.225917,34.81
ORD_000139,USR_001250,2026-05-06 23:48:27.247994,315.2
ORD_000140,USR_001251,2026-05-04 21:51:02.053952,105.25
ORD_000141,USR_001255,2026-05-03 08:04:02.659261,147.87
ORD_000142,USR_001256,2026-05-07 16:31:15.295232,285.11
ORD_000143,USR_001260,2026-05-02 23:03:23.190389,311.05
ORD_000144,USR_001271,2026-05-02 01:33:38.213940,316.57
ORD_000145,USR_001284,2026-05-01 02:03:52.862879,38.25
ORD_000146,USR_001290,2026-05-05 23:43:55.610208,177.38
ORD_000147,USR_001294,2026-05-06 03:25:12.229714,186.82
ORD_000148,USR_001298,2026-05-01 22:47:25.273021,151.12
ORD_000149,USR_001308,2026-05-02 00:01:56.569647,302.65
ORD_000150,USR_001315,2026-05-07 15:36:19.359864,266.26
ORD_000151,USR_001318,2026-05-04 04:31:51.943976,127.23
ORD_000152,USR_001319,2026-05-03 12:05:56.983550,311.37
ORD_000153,USR_001332,2026-05-01 23:39:33.023724,55.85
ORD_000154,USR_001342,2026-05-02 05:29:35.121827,221.52
ORD_000155,USR_001343,2026-05-03 17:03:11.225460,186.16
ORD_000156,USR_001346,2026-05-07 16:24:05.003698,31.5
ORD_000157,USR_001353,2026-05-02 22:51:51.018521,457.61
ORD_000158,USR_001363,2026-05-06 07:55:52.680952,254.13
ORD_000159,USR_001364,2026-05-03 15:11:34.055338,286.98
ORD_000160,USR_001366,2026-05-06 02:43:21.769388,92.81
ORD_000161,USR_001381,2026-05-04 00:27:21.684334,394.62
ORD_000162,USR_001392,2026-05-02 05:19:31.341200,64.75
ORD_000163,USR_001406,2026-05-05 04:00:52.484508,711.4
ORD_000164,USR_001415,2026-05-03 22:13:31.173490,105.57
ORD_000165,USR_001423,2026-05-07 14:50:10.506063,238.58
ORD_000166,USR_001426,2026-05-03 14:10:50.058198,257.09
ORD_000167,USR_001427,2026-05-01 17:15:11.887017,496.12
ORD_000168,USR_001441,2026-05-03 02:19:53.074873,649.6
ORD_000169,USR_001444,2026-05-04 02:59:11.341381,405.57
ORD_000170,USR_001454,2026-05-03 19:26:38.310750,301.19
ORD_000171,USR_001457,2026-05-04 00:06:48.631113,211.63
ORD_000172,USR_001464,2026-05-03 08:35:44.801804,86.53
ORD_000173,USR_001467,2026-05-01 22:42:09.602303,90.68
ORD_000174,USR_001468,2026-05-05 19:57:04.009991,156.18
ORD_000175,USR_001469,2026-05-02 12:18:25.304593,1021.58
ORD_000176,USR_001471,2026-05-01 10:39:20.517314,95.45
ORD_000177,USR_001472,2026-05-02 12:33:20.247794,88.23
ORD_000178,USR_001495,2026-05-04 20:18:02.908052,36.9
ORD_000179,USR_001496,2026-05-04 20:32:45.274965,84.22
ORD_000180,USR_001510,2026-05-03 08:49:55.534522,60.19
ORD_000181,USR_001514,2026-05-03 16:37:02.706372,42.74
ORD_000182,USR_001530,2026-05-05 20:53:59.673587,322.54
ORD_000183,USR_001533,2026-05-07 07:31:37.172645,46.1
ORD_000184,USR_001534,2026-05-01 21:46:13.268603,66.4
ORD_000185,USR_001546,2026-05-03 23:56:21.875145,116.73
ORD_000186,USR_001554,2026-05-05 18:50:10.000004,81.77
ORD_000187,USR_001555,2026-05-05 06:52:25.673430,128.99
ORD_000188,USR_001559,2026-05-01 21:15:30.130781,248.52
ORD_000189,USR_001562,2026-05-02 19:23:20.117393,312.05
ORD_000190,USR_001563,2026-05-07 02:57:10.348771,251.48
ORD_000191,USR_001566,2026-05-02 21:11:21.436771,149.9
ORD_000192,USR_001579,2026-05-05 18:41:19.627904,70.99
ORD_000193,USR_001618,2026-05-01 06:49:06.981109,266.91
ORD_000194,USR_001628,2026-05-04 10:00:06.216205,155.01
ORD_000195,USR_001638,2026-05-05 09:19:45.816354,142.87
ORD_000196,USR_001641,2026-05-07 22:18:14.427724,201.52
ORD_000197,USR_001658,2026-05-08 00:36:28.998430,69.9
ORD_000198,USR_001680,2026-05-02 13:33:03.113354,89.28
ORD_000199,USR_001705,2026-05-02 01:45:18.434177,50.7
ORD_000200,USR_001707,2026-05-07 15:56:33.352995,39.76
ORD_000201,USR_001722,2026-05-07 02:13:14.820330,255.82
ORD_000202,USR_001724,2026-05-05 00:25:01.907871,521.56
ORD_000203,USR_001728,2026-05-06 05:38:52.194946,100.67
ORD_000204,USR_001768,2026-05-01 09:33:52.970904,183.7
ORD_000205,USR_001770,2026-05-01 04:35:58.484804,57.91
ORD_000206,USR_001787,2026-05-07 02:36:58.064223,177.15
ORD_000207,USR_001789,2026-05-04 00:22:27.150983,50.2
ORD_000208,USR_001792,2026-05-01 01:23:28.920309,78.98
ORD_000209,USR_001801,2026-05-02 06:31:13.221807,224.47
ORD_000210,USR_001805,2026-05-07 23:47:26.031002,94.81
ORD_000211,USR_001826,2026-05-03 01:25:06.399946,288.17
ORD_000212,USR_001828,2026-05-07 14:11:04.902442,36.65
ORD_000213,USR_001831,2026-05-04 04:24:31.098271,260.51
ORD_000214,USR_001833,2026-05-06 10:25:21.674491,313.73
ORD_000215,USR_001836,2026-05-01 17:32:11.761551,149.82
ORD_000216,USR_001861,2026-05-07 09:50:18.543333,133.42
ORD_000217,USR_001876,2026-05-07 14:21:17.516598,186.7
ORD_000218,USR_001895,2026-05-03 09:31:06.623168,293.15
ORD_000219,USR_001910,2026-05-01 02:03:55.842797,117.0
ORD_000220,USR_001913,2026-05-02 11:03:15.136456,368.54
ORD_000221,USR_001916,2026-05-07 22:40:04.436595,51.13
ORD_000222,USR_001926,2026-05-07 03:12:12.299263,147.72
ORD_000223,USR_001927,2026-05-01 01:37:11.780162,130.8
ORD_000224,USR_001931,2026-05-05 20:12:11.328152,342.58
ORD_000225,USR_001942,2026-05-01 21:45:00.268084,135.44
ORD_000226,USR_001948,2026-05-02 22:44:57.297940,176.88
ORD_000227,USR_001950,2026-05-06 01:50:52.540163,70.16
ORD_000228,USR_001955,2026-05-06 20:22:47.691422,264.95
ORD_000229,USR_001956,2026-05-06 23:05:07.880685,159.52
ORD_000230,USR_001963,2026-05-03 04:59:02.788391,184.92
ORD_000231,USR_001964,2026-05-02 09:04:00.367990,37.82
ORD_000232,USR_001971,2026-05-01 16:18:00.071342,38.2
ORD_000233,USR_002002,2026-05-01 14:14:00.444193,535.27
ORD_000234,USR_002018,2026-05-06 21:15:46.986514,187.4
ORD_000235,USR_002034,2026-05-04 19:41:03.803786,351.1
ORD_000236,USR_002056,2026-05-04 14:20:48.334338,218.82
ORD_000237,USR_002068,2026-05-07 21:03:27.071548,67.0
ORD_000238,USR_002083,2026-05-01 09:21:00.575687,116.06
ORD_000239,USR_002091,2026-05-02 21:58:37.191686,43.05
ORD_000240,USR_002105,2026-05-03 03:29:39.758063,154.25
ORD_000241,USR_002116,2026-05-01 13:47:05.403810,286.02
ORD_000242,USR_002132,2026-05-02 22:19:53.440428,70.23
ORD_000243,USR_002140,2026-05-06 23:19:21.290480,135.36
ORD_000244,USR_002144,2026-05-02 06:17:54.961896,284.39
ORD_000245,USR_002156,2026-05-03 02:12:45.761224,33.03
ORD_000246,USR_002161,2026-05-03 15:49:18.703700,139.09
ORD_000247,USR_002164,2026-05-02 15:06:45.410976,86.07
ORD_000248,USR_002203,2026-05-01 22:51:07.043322,105.73
ORD_000249,USR_002205,2026-05-01 12:13:19.418900,229.59
ORD_000250,USR_002217,2026-05-04 10:40:05.726156,72.18
ORD_000251,USR_002219,2026-05-01 17:30:14.213380,162.91
ORD_000252,USR_002226,2026-05-04 09:55:05.804806,52.17
ORD_000253,USR_002232,2026-05-07 20:45:33.807430,57.86
ORD_000254,USR_002233,2026-05-01 19:34:51.261921,197.0
ORD_000255,USR_002234,2026-05-02 12:19:44.879960,171.88
ORD_000256,USR_002249,2026-05-02 11:50:49.464843,231.47
ORD_000257,USR_002255,2026-05-06 14:04:17.813237,148.0
ORD_000258,USR_002268,2026-05-03 13:21:05.301715,51.07
ORD_000259,USR_002282,2026-05-07 23:06:27.206840,80.34
ORD_000260,USR_002283,2026-05-02 12:45:37.014323,139.29
ORD_000261,USR_002293,2026-05-07 22:33:58.834987,123.81
ORD_000262,USR_002313,2026-05-03 11:45:45.192324,36.58
ORD_000263,USR_002316,2026-05-02 13:11:07.657733,334.19
ORD_000264,USR_002326,2026-05-06 13:04:55.513049,170.67
ORD_000265,USR_002349,2026-05-01 11:30:43.986761,223.53
ORD_000266,USR_002358,2026-05-06 10:43:13.682034,214.94
ORD_000267,USR_002367,2026-05-06 20:12:06.876139,48.03
ORD_000268,USR_002376,2026-05-06 06:36:45.044479,91.72
ORD_000269,USR_002387,2026-05-06 07:19:10.221161,87.9
ORD_000270,USR_002394,2026-05-07 03:15:36.612722,449.7
ORD_000271,USR_002399,2026-05-04 18:25:32.487618,88.69
ORD_000272,USR_002417,2026-05-01 19:12:48.640848,88.0
ORD_000273,USR_002421,2026-05-07 20:28:03.064502,282.73
ORD_000274,USR_002427,2026-05-04 05:42:12.245321,219.37
ORD_000275,USR_002436,2026-05-07 16:36:03.017344,268.74
ORD_000276,USR_002438,2026-05-03 08:10:30.320509,287.12
ORD_000277,USR_002441,2026-05-06 20:06:09.233931,94.81
ORD_000278,USR_002442,2026-05-05 08:04:46.649138,329.34
ORD_000279,USR_002450,2026-05-03 04:09:56.148323,421.82
ORD_000280,USR_002471,2026-05-05 22:44:17.082103,67.9
ORD_000281,USR_002475,2026-05-05 19:15:55.064264,262.48
ORD_000282,USR_002477,2026-05-02 12:37:11.779542,535.61
ORD_000283,USR_002501,2026-05-06 15:44:40.052701,148.54
ORD_000284,USR_002502,2026-05-01 03:40:10.057855,53.0
ORD_000285,USR_002518,2026-05-07 22:07:12.037928,109.67
ORD_000286,USR_002522,2026-05-06 22:00:01.482321,377.38
ORD_000287,USR_002524,2026-05-03 20:21:21.607032,212.83
ORD_000288,USR_002537,2026-05-05 15:27:31.118497,330.19
ORD_000289,USR_002540,2026-05-01 15:34:09.719771,186.91
ORD_000290,USR_002547,2026-05-05 06:08:24.963829,44.43
ORD_000291,USR_002605,2026-05-06 18:31:24.111724,313.21
ORD_000292,USR_002606,2026-05-04 03:56:22.579787,121.73
ORD_000293,USR_002616,2026-05-05 13:44:26.565519,127.25
ORD_000294,USR_002633,2026-05-01 11:27:49.376696,112.26
ORD_000295,USR_002635,2026-05-06 01:02:30.828238,68.0
ORD_000296,USR_002638,2026-05-06 16:24:08.754854,42.35
ORD_000297,USR_002660,2026-05-06 14:15:48.979754,118.38
ORD_000298,USR_002661,2026-05-02 21:36:57.288821,73.54
ORD_000299,USR_002662,2026-05-05 05:33:38.869066,191.43
ORD_000300,USR_002664,2026-05-05 14:33:03.364945,59.88
ORD_000301,USR_002672,2026-05-01 16:26:17.294904,269.57
ORD_000302,USR_002674,2026-05-01 08:56:05.049607,235.61
ORD_000303,USR_002694,2026-05-06 17:03:53.144737,79.01
ORD_000304,USR_002695,2026-05-06 01:39:42.687915,88.1
ORD_000305,USR_002703,2026-05-06 07:30:01.792563,45.78
ORD_000306,USR_002731,2026-05-02 13:11:59.021367,376.26
ORD_000307,USR_002743,2026-05-04 10:52:33.962428,31.72
ORD_000308,USR_002744,2026-05-02 08:11:02.254848,892.2
ORD_000309,USR_002746,2026-05-02 18:02:42.651765,565.39
ORD_000310,USR_002750,2026-05-03 14:34:51.543383,172.01
ORD_000311,USR_002751,2026-05-01 05:44:45.704098,60.39
ORD_000312,USR_002755,2026-05-05 15:06:16.496166,161.89
ORD_000313,USR_002756,2026-05-06 21:28:42.649326,148.79
ORD_000314,USR_002760,2026-05-03 06:51:35.288784,689.79
ORD_000315,USR_002794,2026-05-07 16:58:49.738297,264.55
ORD_000316,USR_002797,2026-05-06 18:57:52.407961,47.05
ORD_000317,USR_002802,2026-05-01 10:13:01.952092,198.24
ORD_000318,USR_002805,2026-05-06 17:57:02.397702,560.51
ORD_000319,USR_002815,2026-05-01 01:22:36.711753,30.57
ORD_000320,USR_002825,2026-05-07 13:03:28.445692,63.59
ORD_000321,USR_002826,2026-05-02 09:37:34.300939,101.7
ORD_000322,USR_002836,2026-05-05 14:48:13.593996,260.63
ORD_000323,USR_002837,2026-05-07 10:59:15.132009,165.38
ORD_000324,USR_002859,2026-05-04 06:54:22.350751,579.21
ORD_000325,USR_002863,2026-05-04 15:47:48.542760,133.65
ORD_000326,USR_002874,2026-05-01 12:49:50.819452,126.95
ORD_000327,USR_002879,2026-05-04 20:47:06.132849,69.61
ORD_000328,USR_002885,2026-05-01 19:48:40.619247,335.67
ORD_000329,USR_002925,2026-05-04 00:59:34.612604,239.55
ORD_000330,USR_002928,2026-05-04 15:48:19.528647,430.68
ORD_000331,USR_002934,2026-05-03 09:24:40.970138,168.06
ORD_000332,USR_002935,2026-05-05 14:42:24.059580,64.84
ORD_000333,USR_002947,2026-05-04 17:21:52.094156,179.92
ORD_000334,USR_002948,2026-05-02 12:46:56.930503,400.35
ORD_000335,USR_002956,2026-05-05 23:07:42.055056,200.82
ORD_000336,USR_002973,2026-05-06 17:24:45.352955,698.57
ORD_000337,USR_002990,2026-05-01 04:54:58.154391,567.31
ORD_000338,USR_002995,2026-05-03 17:06:42.472296,131.92
ORD_000339,USR_003004,2026-05-03 14:55:03.176100,781.01
ORD_000340,USR_003009,2026-05-02 03:33:22.570538,38.85
ORD_000341,USR_003029,2026-05-02 07:31:59.173283,118.09
ORD_000342,USR_003038,2026-05-04 03:17:25.106305,59.9
ORD_000343,USR_003044,2026-05-06 21:28:22.345736,108.65
ORD_000344,USR_003061,2026-05-06 14:43:04.453341,431.06
ORD_000345,USR_003067,2026-05-05 06:41:23.138911,85.44
ORD_000346,USR_003068,2026-05-04 22:31:35.030166,39.27
ORD_000347,USR_003133,2026-05-05 07:54:09.369035,253.4
ORD_000348,USR_003138,2026-05-01 01:13:30.544039,37.13
ORD_000349,USR_003146,2026-05-06 02:56:45.067293,294.54
ORD_000350,USR_003163,2026-05-04 20:03:13.940005,184.96
ORD_000351,USR_003169,2026-05-04 22:40:44.060196,99.62
ORD_000352,USR_003201,2026-05-01 00:56:45.464718,85.88
ORD_000353,USR_003218,2026-05-05 16:10:44.836133,361.28
ORD_000354,USR_003223,2026-05-06 12:31:49.552237,43.6
ORD_000355,USR_003225,2026-05-04 02:30:41.966730,36.01
ORD_000356,USR_003234,2026-05-01 04:15:37.265750,243.58
ORD_000357,USR_003256,2026-05-02 21:20:53.345911,66.24
ORD_000358,USR_003267,2026-05-01 04:00:16.219411,230.62
ORD_000359,USR_003287,2026-05-07 04:36:27.783850,619.29
ORD_000360,USR_003292,2026-05-01 19:41:42.488040,285.88
ORD_000361,USR_003293,2026-05-04 20:53:42.480270,349.01
ORD_000362,USR_003313,2026-05-02 08:01:31.406953,42.1
ORD_000363,USR_003314,2026-05-05 11:26:02.158793,504.75
ORD_000364,USR_003328,2026-05-03 01:57:03.694981,472.49
ORD_000365,USR_003330,2026-05-07 18:09:10.052210,39.57
ORD_000366,USR_003335,2026-05-03 22:45:00.442146,52.05
ORD_000367,USR_003340,2026-05-03 12:25:21.140866,39.67
ORD_000368,USR_003342,2026-05-01 07:41:39.695858,74.93
ORD_000369,USR_003347,2026-05-04 19:09:24.337706,612.67
ORD_000370,USR_003365,2026-05-03 06:06:39.321544,100.37
ORD_000371,USR_003369,2026-05-06 17:09:01.029516,237.27
ORD_000372,USR_003386,2026-05-03 04:25:27.148661,710.16
ORD_000373,USR_003389,2026-05-05 10:04:36.051111,48.21
ORD_000374,USR_003402,2026-05-05 14:53:09.102952,46.83
ORD_000375,USR_003410,2026-05-06 22:07:16.768858,91.62
ORD_000376,USR_003414,2026-05-02 00:14:16.481431,43.63
ORD_000377,USR_003432,2026-05-07 13:31:21.107376,799.21
ORD_000378,USR_003433,2026-05-03 01:36:37.834993,306.01
ORD_000379,USR_003438,2026-05-06 11:45:40.339585,114.92
ORD_000380,USR_003441,2026-05-03 16:29:22.377164,265.92
ORD_000381,USR_003447,2026-05-03 17:42:38.750449,41.48
ORD_000382,USR_003468,2026-05-06 21:57:52.276283,106.57
ORD_000383,USR_003494,2026-05-04 03:47:14.028011,46.96
ORD_000384,USR_003506,2026-05-07 12:45:39.924042,54.06
ORD_000385,USR_003513,2026-05-06 06:12:41.454085,170.3
ORD_000386,USR_003514,2026-05-06 03:10:59.810889,110.17
ORD_000387,USR_003532,2026-05-03 20:29:07.867857,66.24
ORD_000388,USR_003533,2026-05-03 18:42:30.860372,236.05
ORD_000389,USR_003542,2026-05-07 02:58:11.900711,191.83
ORD_000390,USR_003550,2026-05-01 17:45:43.184739,71.36
ORD_000391,USR_003572,2026-05-01 05:49:08.596656,55.7
ORD_000392,USR_003584,2026-05-06 08:57:14.724711,217.52
ORD_000393,USR_003585,2026-05-03 02:14:17.236452,305.27
ORD_000394,USR_003587,2026-05-07 15:21:32.351632,428.22
ORD_000395,USR_003591,2026-05-02 16:12:17.828407,69.4
ORD_000396,USR_003606,2026-05-02 01:03:56.478582,116.77
ORD_000397,USR_003610,2026-05-03 23:22:40.552348,286.45
ORD_000398,USR_003642,2026-05-04 08:25:14.677781,163.78
ORD_000399,USR_003643,2026-05-05 12:49:41.841198,74.69
ORD_000400,USR_003644,2026-05-04 21:51:15.293634,52.46
ORD_000401,USR_003649,2026-05-04 15:40:23.459311,269.93
ORD_000402,USR_003654,2026-05-04 22:43:57.534139,105.4
ORD_000403,USR_003655,2026-05-05 03:55:52.116070,216.92
ORD_000404,USR_003662,2026-05-02 18:37:09.316454,204.35
ORD_000405,USR_003684,2026-05-04 14:10:42.441280,53.93
ORD_000406,USR_003697,2026-05-07 15:53:36.647834,331.63
ORD_000407,USR_003716,2026-05-02 11:45:13.369885,535.22
ORD_000408,USR_003721,2026-05-04 06:21:17.417051,115.98
ORD_000409,USR_003727,2026-05-07 23:06:16.871490,82.08
ORD_000410,USR_003732,2026-05-03 05:32:23.240332,250.63
ORD_000411,USR_003736,2026-05-02 07:30:05.628408,112.88
ORD_000412,USR_003749,2026-05-06 02:59:03.502079,106.06
ORD_000413,USR_003755,2026-05-02 08:30:16.000384,135.19
ORD_000414,USR_003756,2026-05-05 01:00:07.458052,370.63
ORD_000415,USR_003760,2026-05-04 06:39:03.531380,300.14
ORD_000416,USR_003788,2026-05-01 14:37:57.411510,113.67
ORD_000417,USR_003789,2026-05-06 05:25:14.414984,93.26
ORD_000418,USR_003792,2026-05-02 19:00:05.515202,61.45
ORD_000419,USR_003794,2026-05-06 08:30:22.729525,422.08
ORD_000420,USR_003796,2026-05-06 23:31:13.561530,133.38
ORD_000421,USR_003801,2026-05-07 06:32:05.960267,78.3
ORD_000422,USR_003806,2026-05-01 22:01:34.091133,47.99
ORD_000423,USR_003815,2026-05-05 03:09:08.629036,161.52
ORD_000424,USR_003825,2026-05-05 05:07:00.428658,137.31
ORD_000425,USR_003846,2026-05-01 22:43:15.455074,53.15
ORD_000426,USR_003862,2026-05-03 02:30:41.380737,76.19
ORD_000427,USR_003864,2026-05-07 05:04:52.112305,278.17
ORD_000428,USR_003866,2026-05-05 17:01:38.959743,81.68
ORD_000429,USR_003870,2026-05-04 06:00:03.901759,315.6
ORD_000430,USR_003874,2026-05-07 04:45:09.372298,50.11
ORD_000431,USR_003887,2026-05-05 17:19:58.627821,184.04
ORD_000432,USR_003897,2026-05-05 05:10:17.184163,69.8
ORD_000433,USR_003908,2026-05-01 06:38:47.013547,54.51
ORD_000434,USR_003909,2026-05-07 00:33:11.845735,227.66
ORD_000435,USR_003943,2026-05-01 16:19:56.063910,99.9
ORD_000436,USR_003952,2026-05-06 07:09:01.407730,83.89
ORD_000437,USR_003956,2026-05-05 23:48:52.710682,136.27
ORD_000438,USR_003957,2026-05-01 13:58:46.980887,336.44
ORD_000439,USR_003969,2026-05-06 08:27:43.587172,322.64
ORD_000440,USR_003970,2026-05-04 15:30:53.939043,79.54
ORD_000441,USR_003978,2026-05-03 08:20:06.777749,180.93
ORD_000442,USR_003991,2026-05-01 13:22:35.699693,38.92
ORD_000443,USR_003996,2026-05-04 00:01:31.560242,62.95
ORD_000444,USR_004002,2026-05-01 16:00:12.295075,164.53
ORD_000445,USR_004012,2026-05-07 09:59:13.139202,224.15
ORD_000446,USR_004013,2026-05-02 18:55:45.356179,364.66
ORD_000447,USR_004022,2026-05-02 23:04:26.794167,132.2
ORD_000448,USR_004029,2026-05-01 11:48:29.690216,33.46
ORD_000449,USR_004044,2026-05-01 12:33:38.290139,56.33
ORD_000450,USR_004049,2026-05-07 10:01:34.646646,59.98
ORD_000451,USR_004051,2026-05-05 14:43:44.751918,63.62
ORD_000452,USR_004059,2026-05-03 20:52:08.162903,120.73
ORD_000453,USR_004068,2026-05-03 07:22:30.255663,39.97
ORD_000454,USR_004071,2026-05-04 20:15:21.280633,134.71
ORD_000455,USR_004087,2026-05-06 06:00:29.146743,224.72
ORD_000456,USR_004091,2026-05-07 16:50:52.510694,169.02
ORD_000457,USR_004094,2026-05-07 19:03:41.780076,72.11
ORD_000458,USR_004096,2026-05-06 01:44:01.324847,138.72
ORD_000459,USR_004098,2026-05-07 19:52:02.231774,162.45
ORD_000460,USR_004103,2026-05-03 01:03:26.985377,190.81
ORD_000461,USR_004109,2026-05-06 17:35:34.660177,145.69
ORD_000462,USR_004122,2026-05-03 14:30:56.408292,55.46
ORD_000463,USR_004123,2026-05-05 12:58:49.872653,91.62
ORD_000464,USR_004130,2026-05-02 23:58:54.810208,85.93
ORD_000465,USR_004133,2026-05-04 01:18:44.368557,233.04
ORD_000466,USR_004174,2026-05-06 17:49:06.637455,483.61
ORD_000467,USR_004175,2026-05-07 13:14:17.694160,400.61
ORD_000468,USR_004176,2026-05-07 03:52:46.220826,126.63
ORD_000469,USR_004179,2026-05-01 13:45:32.212710,30.67
ORD_000470,USR_004192,2026-05-01 10:47:42.213637,468.64
ORD_000471,USR_004195,2026-05-01 16:48:19.410351,123.68
ORD_000472,USR_004203,2026-05-06 09:03:45.618356,67.21
ORD_000473,USR_004206,2026-05-05 12:32:59.058123,142.79
ORD_000474,USR_004224,2026-05-04 15:26:36.114610,75.18
ORD_000475,USR_004225,2026-05-04 16:07:13.044184,176.37
ORD_000476,USR_004247,2026-05-01 07:09:44.681444,276.56
ORD_000477,USR_004254,2026-05-06 19:28:49.784772,91.43
ORD_000478,USR_004258,2026-05-07 15:52:51.151951,180.5
ORD_000479,USR_004259,2026-05-02 01:39:43.397616,186.21
ORD_000480,USR_004275,2026-05-02 08:53:09.787427,461.37
ORD_000481,USR_004285,2026-05-04 03:48:52.762355,100.92
ORD_000482,USR_004297,2026-05-06 17:19:22.136890,142.49
ORD_000483,USR_004302,2026-05-05 13:46:05.857220,58.03
ORD_000484,USR_004319,2026-05-07 03:46:30.697302,210.63
ORD_000485,USR_004323,2026-05-05 09:51:40.141307,256.59
ORD_000486,USR_004349,2026-05-02 07:51:28.686929,40.84
ORD_000487,USR_004355,2026-05-01 16:00:06.340747,39.42
ORD_000488,USR_004357,2026-05-07 21:57:16.271291,67.85
ORD_000489,USR_004380,2026-05-01 06:09:40.438750,151.25
ORD_000490,USR_004397,2026-05-07 12:40:28.961941,271.43
ORD_000491,USR_004401,2026-05-01 07:17:08.667676,105.71
ORD_000492,USR_004421,2026-05-07 16:30:15.553745,214.24
ORD_000493,USR_004427,2026-05-05 23:13:26.203582,284.95
ORD_000494,USR_004438,2026-05-04 03:12:46.594848,52.18
ORD_000495,USR_004439,2026-05-05 14:12:47.388836,94.37
ORD_000496,USR_004442,2026-05-03 23:49:30.008674,117.54
ORD_000497,USR_004457,2026-05-02 09:45:31.765706,241.86
ORD_000498,USR_004462,2026-05-06 10:47:02.205429,370.21
ORD_000499,USR_004471,2026-05-07 05:58:03.206070,245.16
ORD_000500,USR_004479,2026-05-02 20:54:53.060872,85.91
ORD_000501,USR_004480,2026-05-02 12:03:24.871456,44.06
ORD_000502,USR_004481,2026-05-01 14:14:42.772559,66.12
ORD_000503,USR_004491,2026-05-07 02:44:11.936107,186.34
ORD_000504,USR_004502,2026-05-07 07:41:54.279064,279.79
ORD_000505,USR_004518,2026-05-04 07:28:24.596370,365.45
ORD_000506,USR_004524,2026-05-02 11:40:24.347028,202.35
ORD_000507,USR_004550,2026-05-05 14:16:32.332259,87.7
ORD_000508,USR_004561,2026-05-06 01:23:26.976172,76.19
ORD_000509,USR_004562,2026-05-01 11:02:48.751942,972.28
ORD_000510,USR_004563,2026-05-04 07:30:30.985431,48.97
ORD_000511,USR_004569,2026-05-06 10:02:14.850349,393.87
ORD_000512,USR_004578,2026-05-04 15:52:00.553231,170.88
ORD_000513,USR_004590,2026-05-01 15:25:31.547482,126.33
ORD_000514,USR_004591,2026-05-06 03:29:17.647950,123.33
ORD_000515,USR_004611,2026-05-03 17:52:19.240607,43.29
ORD_000516,USR_004623,2026-05-03 14:56:23.113422,196.69
ORD_000517,USR_004627,2026-05-03 08:08:25.023783,88.65
ORD_000518,USR_004628,2026-05-02 23:18:40.609056,82.83
ORD_000519,USR_004636,2026-05-02 07:42:51.592401,130.18
ORD_000520,USR_004640,2026-05-05 12:02:00.589378,600.9
ORD_000521,USR_004649,2026-05-06 18:34:57.272572,320.31
ORD_000522,USR_004660,2026-05-07 22:10:22.746061,144.12
ORD_000523,USR_004668,2026-05-04 21:08:24.771555,56.48
ORD_000524,USR_004675,2026-05-02 04:57:00.945647,65.48
ORD_000525,USR_004695,2026-05-02 08:47:02.673611,171.44
ORD_000526,USR_004697,2026-05-01 22:57:11.446877,572.64
ORD_000527,USR_004704,2026-05-05 01:16:08.106472,198.2
ORD_000528,USR_004713,2026-05-04 21:24:05.076701,103.49
ORD_000529,USR_004720,2026-05-03 10:32:30.115163,109.3
ORD_000530,USR_004725,2026-05-07 10:45:32.216327,32.48
ORD_000531,USR_004764,2026-05-03 20:44:17.777673,147.0
ORD_000532,USR_004774,2026-05-04 15:09:55.716591,119.06
ORD_000533,USR_004780,2026-05-07 00:51:07.288344,248.16
ORD_000534,USR_004782,2026-05-07 17:37:14.321631,83.13
ORD_000535,USR_004794,2026-05-05 18:06:50.282749,49.92
ORD_000536,USR_004814,2026-05-02 16:41:03.370716,193.61
ORD_000537,USR_004817,2026-05-04 03:30:58.626517,679.48
ORD_000538,USR_004821,2026-05-03 09:13:49.341579,103.3
ORD_000539,USR_004823,2026-05-03 03:57:05.044115,88.41
ORD_000540,USR_004826,2026-05-01 22:49:19.752198,51.12
ORD_000541,USR_004844,2026-05-05 02:00:17.022794,45.11
ORD_000542,USR_004867,2026-05-05 18:02:03.393293,236.09
ORD_000543,USR_004881,2026-05-06 18:30:00.759797,40.21
ORD_000544,USR_004904,2026-05-02 11:18:44.464416,95.88
ORD_000545,USR_004907,2026-05-04 04:26:01.107848,485.56
ORD_000546,USR_004911,2026-05-02 19:32:27.545531,131.37
ORD_000547,USR_004915,2026-05-03 18:33:58.550053,30.02
ORD_000548,USR_004916,2026-05-01 20:20:09.743547,305.78
ORD_000549,USR_004927,2026-05-07 13:22:50.699648,55.58
ORD_000550,USR_004936,2026-05-07 15:00:59.786933,288.92
ORD_000551,USR_004938,2026-05-06 21:19:02.412126,103.87
ORD_000552,USR_004949,2026-05-04 04:25:50.916692,157.51
ORD_000553,USR_004953,2026-05-06 12:05:58.136939,609.24
ORD_000554,USR_004967,2026-05-04 01:00:12.776676,598.22
ORD_000555,USR_004970,2026-05-05 05:59:53.465334,439.15
ORD_000556,USR_004972,2026-05-04 10:55:53.923477,363.88
ORD_000557,USR_004974,2026-05-02 03:29:29.756643,275.08
ORD_000558,USR_004993,2026-05-02 16:14:07.124544,169.33
ORD_000559,USR_004999,2026-05-05 18:52:25.020770,50.0
ORD_000560,USR_005008,2026-05-04 23:17:15.535387,38.91
ORD_000561,USR_005020,2026-05-05 20:07:35.392462,70.88
ORD_000562,USR_005024,2026-05-06 10:12:10.581636,46.47
ORD_000563,USR_005034,2026-05-07 11:21:53.636171,140.94
ORD_000564,USR_005045,2026-05-06 00:42:21.213265,61.52
ORD_000565,USR_005056,2026-05-06 05:43:21.517653,77.75
ORD_000566,USR_005084,2026-05-01 20:49:56.627717,89.61
ORD_000567,USR_005094,2026-05-03 20:07:40.375492,199.57
ORD_000568,USR_005096,2026-05-04 11:21:57.642801,155.23
ORD_000569,USR_005101,2026-05-04 07:09:42.121430,41.7
ORD_000570,USR_005105,2026-05-07 02:18:35.955550,47.77
ORD_000571,USR_005109,2026-05-05 02:23:52.327625,36.42
ORD_000572,USR_005129,2026-05-07 00:18:58.755901,92.83
ORD_000573,USR_005130,2026-05-03 10:02:22.302152,106.54
ORD_000574,USR_005152,2026-05-06 23:37:59.319017,125.17
ORD_000575,USR_005155,2026-05-04 12:58:25.603101,49.41
ORD_000576,USR_005156,2026-05-05 18:40:09.305947,699.5
ORD_000577,USR_005182,2026-05-02 06:06:17.401608,284.42
ORD_000578,USR_005196,2026-05-03 16:15:00.496130,154.6
ORD_000579,USR_005202,2026-05-04 16:05:01.906411,91.79
ORD_000580,USR_005213,2026-05-07 00:29:33.301244,119.23
ORD_000581,USR_005220,2026-05-03 20:34:49.423503,241.98
ORD_000582,USR_005228,2026-05-03 11:35:44.201661,306.67
ORD_000583,USR_005248,2026-05-02 20:49:09.311860,35.13
ORD_000584,USR_005251,2026-05-01 06:23:10.517701,113.25
ORD_000585,USR_005264,2026-05-04 06:37:03.986676,34.33
ORD_000586,USR_005272,2026-05-05 06:35:03.703670,215.18
ORD_000587,USR_005285,2026-05-04 18:30:50.975004,54.37
ORD_000588,USR_005288,2026-05-07 06:36:42.259491,94.52
ORD_000589,USR_005317,2026-05-01 04:15:55.734172,333.27
ORD_000590,USR_005328,2026-05-02 04:53:56.448594,66.24
ORD_000591,USR_005331,2026-05-01 10:18:41.925124,79.99
ORD_000592,USR_005339,2026-05-04 07:35:06.042204,168.53
ORD_000593,USR_005340,2026-05-01 13:03:54.702993,161.81
ORD_000594,USR_005345,2026-05-06 01:26:41.969639,239.81
ORD_000595,USR_005348,2026-05-04 23:13:17.533628,433.46
ORD_000596,USR_005363,2026-05-01 23:03:04.177210,199.94
ORD_000597,USR_005367,2026-05-07 01:28:16.979074,62.04
ORD_000598,USR_005377,2026-05-06 22:21:44.733991,250.33
ORD_000599,USR_005388,2026-05-02 19:10:10.027137,82.71
ORD_000600,USR_005392,2026-05-06 19:39:55.824645,62.96
ORD_000601,USR_005395,2026-05-07 10:53:28.079206,131.56
ORD_000602,USR_005410,2026-05-03 04:39:01.234876,154.97
ORD_000603,USR_005411,2026-05-06 06:11:17.505748,217.68
ORD_000604,USR_005412,2026-05-04 22:19:30.667010,158.85
ORD_000605,USR_005416,2026-05-06 06:56:55.951074,63.37
ORD_000606,USR_005419,2026-05-04 09:12:19.447657,81.64
ORD_000607,USR_005426,2026-05-04 23:21:56.153933,137.97
ORD_000608,USR_005431,2026-05-05 07:39:20.680204,298.56
ORD_000609,USR_005455,2026-05-02 08:49:01.620860,499.17
ORD_000610,USR_005458,2026-05-01 04:22:13.475815,36.8
ORD_000611,USR_005461,2026-05-02 05:05:23.228913,79.3
ORD_000612,USR_005470,2026-05-06 21:22:44.637175,37.93
ORD_000613,USR_005473,2026-05-05 07:12:34.440312,38.49
ORD_000614,USR_005479,2026-05-07 16:40:02.060713,85.75
ORD_000615,USR_005514,2026-05-06 02:13:15.850661,233.75
ORD_000616,USR_005520,2026-05-05 06:48:35.191259,147.04
ORD_000617,USR_005534,2026-05-01 15:54:07.549340,98.59
ORD_000618,USR_005550,2026-05-06 16:27:50.674899,49.46
ORD_000619,USR_005557,2026-05-07 10:57:29.109626,53.89
ORD_000620,USR_005560,2026-05-07 09:29:31.322519,57.11
ORD_000621,USR_005569,2026-05-02 02:33:01.968053,160.63
ORD_000622,USR_005572,2026-05-05 00:40:30.916844,34.05
ORD_000623,USR_005574,2026-05-02 09:13:12.541750,221.97
ORD_000624,USR_005578,2026-05-05 15:44:08.976987,40.12
ORD_000625,USR_005596,2026-05-03 01:39:29.144426,37.13
ORD_000626,USR_005600,2026-05-02 10:22:49.790335,83.17
ORD_000627,USR_005612,2026-05-06 04:24:59.253262,289.43
ORD_000628,USR_005614,2026-05-03 11:53:05.601699,288.07
ORD_000629,USR_005619,2026-05-08 00:37:04.474286,184.58
ORD_000630,USR_005626,2026-05-03 07:05:13.036785,194.22
ORD_000631,USR_005635,2026-05-03 20:34:19.373534,42.72
ORD_000632,USR_005670,2026-05-01 09:54:27.773496,35.51
ORD_000633,USR_005671,2026-05-05 08:16:39.081827,229.55
ORD_000634,USR_005682,2026-05-01 01:42:58.730302,46.93
ORD_000635,USR_005683,2026-05-01 01:20:05.593353,153.91
ORD_000636,USR_005711,2026-05-01 13:28:08.552851,37.48
ORD_000637,USR_005716,2026-05-07 04:57:42.371589,327.11
ORD_000638,USR_005718,2026-05-06 08:10:55.851398,227.78
ORD_000639,USR_005726,2026-05-01 09:28:55.387020,84.74
ORD_000640,USR_005747,2026-05-05 12:39:25.090534,281.86
ORD_000641,USR_005748,2026-05-01 11:10:55.523011,169.34
ORD_000642,USR_005750,2026-05-01 06:48:37.356665,196.14
ORD_000643,USR_005763,2026-05-04 21:08:42.039774,253.06
ORD_000644,USR_005766,2026-05-02 06:52:06.539915,41.57
ORD_000645,USR_005768,2026-05-05 07:42:22.582943,110.92
ORD_000646,USR_005788,2026-05-03 08:40:15.059555,167.01
ORD_000647,USR_005793,2026-05-02 09:52:26.182191,253.65
ORD_000648,USR_005794,2026-05-06 16:34:12.922219,462.47
ORD_000649,USR_005799,2026-05-01 22:41:49.229567,118.11
ORD_000650,USR_005803,2026-05-04 23:52:54.045535,68.94
ORD_000651,USR_005852,2026-05-05 15:26:34.390873,160.01
ORD_000652,USR_005877,2026-05-02 05:02:39.416954,997.26
ORD_000653,USR_005879,2026-05-01 13:06:57.334776,41.49
ORD_000654,USR_005896,2026-05-03 19:32:24.420998,134.93
ORD_000655,USR_005897,2026-05-05 18:55:46.416709,408.64
ORD_000656,USR_005901,2026-05-03 06:42:45.792491,123.6
ORD_000657,USR_005913,2026-05-06 12:45:54.633300,88.89
ORD_000658,USR_005914,2026-05-01 18:25:10.236212,918.26
ORD_000659,USR_005915,2026-05-06 20:58:48.209120,33.91
ORD_000660,USR_005923,2026-05-02 16:54:44.032507,42.79
ORD_000661,USR_005931,2026-05-01 07:17:23.470591,42.57
ORD_000662,USR_005936,2026-05-01 05:53:49.660850,93.74
ORD_000663,USR_005946,2026-05-04 20:02:58.105956,202.04
ORD_000664,USR_005948,2026-05-05 18:27:26.762335,39.6
ORD_000665,USR_005952,2026-05-01 20:15:03.339452,105.51
ORD_000666,USR_005955,2026-05-02 02:20:57.909035,42.95
ORD_000667,USR_005958,2026-05-04 09:58:28.372943,290.84
ORD_000668,USR_005966,2026-05-03 12:54:45.987933,183.51
ORD_000669,USR_005976,2026-05-06 23:56:58.174477,51.62
ORD_000670,USR_005977,2026-05-04 06:39:49.428948,408.38
ORD_000671,USR_005991,2026-05-05 06:48:10.494161,401.59
ORD_000672,USR_005996,2026-05-01 01:48:12.577100,268.71
ORD_000673,USR_006014,2026-05-07 22:26:38.796101,185.87
ORD_000674,USR_006017,2026-05-07 22:05:54.458679,503.79
ORD_000675,USR_006027,2026-05-05 22:20:07.247737,41.67
ORD_000676,USR_006036,2026-05-04 20:47:03.815038,175.63
ORD_000677,USR_006045,2026-05-03 13:25:16.465232,89.94
ORD_000678,USR_006055,2026-05-06 21:41:03.311168,157.5
ORD_000679,USR_006056,2026-05-06 08:37:36.876496,141.17
ORD_000680,USR_006058,2026-05-08 00:14:56.923598,140.37
ORD_000681,USR_006066,2026-05-05 20:21:33.917535,180.97
ORD_000682,USR_006068,2026-05-02 10:30:30.476333,187.52
ORD_000683,USR_006071,2026-05-02 21:22:21.481443,311.31
ORD_000684,USR_006083,2026-05-02 17:09:45.163185,47.4
ORD_000685,USR_006094,2026-05-03 18:22:27.487761,218.48
ORD_000686,USR_006105,2026-05-06 11:31:51.271890,110.24
ORD_000687,USR_006110,2026-05-02 03:01:28.379584,177.52
ORD_000688,USR_006131,2026-05-06 05:49:57.478223,136.76
ORD_000689,USR_006132,2026-05-07 12:51:32.148863,286.77
ORD_000690,USR_006137,2026-05-04 00:59:32.785833,76.1
ORD_000691,USR_006139,2026-05-07 15:10:17.795069,108.34
ORD_000692,USR_006163,2026-05-05 06:36:08.357975,93.7
ORD_000693,USR_006170,2026-05-05 13:52:09.889524,46.15
ORD_000694,USR_006175,2026-05-07 23:50:16.957995,173.74
ORD_000695,USR_006184,2026-05-02 23:24:00.058331,119.85
ORD_000696,USR_006190,2026-05-05 13:22:10.624046,263.27
ORD_000697,USR_006205,2026-05-08 00:02:43.410802,516.15
ORD_000698,USR_006208,2026-05-03 00:55:41.959534,210.56
ORD_000699,USR_006210,2026-05-03 09:23:35.240179,208.38
ORD_000700,USR_006221,2026-05-07 00:49:32.005224,188.43
ORD_000701,USR_006223,2026-05-03 06:55:39.891136,156.44
ORD_000702,USR_006227,2026-05-02 00:29:33.371335,53.04
ORD_000703,USR_006233,2026-05-06 01:10:42.594224,297.7
ORD_000704,USR_006239,2026-05-04 04:18:29.479883,103.49
ORD_000705,USR_006240,2026-05-06 03:54:33.358452,232.07
ORD_000706,USR_006242,2026-05-05 06:01:10.313840,215.12
ORD_000707,USR_006243,2026-05-03 03:00:14.964383,99.45
ORD_000708,USR_006253,2026-05-01 16:36:40.252904,65.04
ORD_000709,USR_006260,2026-05-06 01:04:37.955716,110.27
ORD_000710,USR_006268,2026-05-05 02:12:34.234646,81.61
ORD_000711,USR_006276,2026-05-02 05:46:24.751992,182.47
ORD_000712,USR_006277,2026-05-02 12:17:58.669202,118.9
ORD_000713,USR_006286,2026-05-05 13:20:03.236699,181.17
ORD_000714,USR_006292,2026-05-02 09:04:09.409858,48.51
ORD_000715,USR_006298,2026-05-07 08:56:54.727792,35.99
ORD_000716,USR_006299,2026-05-04 12:51:08.471207,62.5
ORD_000717,USR_006313,2026-05-01 06:21:08.558746,53.54
ORD_000718,USR_006317,2026-05-04 00:23:50.582941,281.94
ORD_000719,USR_006320,2026-05-05 04:15:44.756192,34.65
ORD_000720,USR_006331,2026-05-02 07:32:48.218710,176.43
ORD_000721,USR_006340,2026-05-03 17:06:23.302412,113.03
ORD_000722,USR_006345,2026-05-03 10:33:37.342168,241.18
ORD_000723,USR_006350,2026-05-01 21:30:29.574771,289.61
ORD_000724,USR_006355,2026-05-04 15:20:41.187791,59.65
ORD_000725,USR_006362,2026-05-02 20:16:43.493938,249.54
ORD_000726,USR_006368,2026-05-02 19:26:07.355104,186.96
ORD_000727,USR_006377,2026-05-02 02:13:50.087882,44.62
ORD_000728,USR_006383,2026-05-04 16:50:52.893692,202.02
ORD_000729,USR_006391,2026-05-02 18:27:08.545581,215.62
ORD_000730,USR_006402,2026-05-06 13:55:02.459593,287.45
ORD_000731,USR_006406,2026-05-07 06:54:00.867267,111.87
ORD_000732,USR_006409,2026-05-04 11:55:35.293992,98.81
ORD_000733,USR_006423,2026-05-02 17:31:17.979579,44.58
ORD_000734,USR_006427,2026-05-02 21:39:38.253668,80.99
ORD_000735,USR_006428,2026-05-05 05:00:04.031997,83.36
ORD_000736,USR_006437,2026-05-05 21:13:31.855774,150.58
ORD_000737,USR_006466,2026-05-01 12:16:36.677839,74.22
ORD_000738,USR_006471,2026-05-03 10:27:06.126941,226.82
ORD_000739,USR_006474,2026-05-03 15:53:46.845864,140.89
ORD_000740,USR_006485,2026-05-03 16:19:41.321664,125.55
ORD_000741,USR_006519,2026-05-06 01:05:31.051769,235.49
ORD_000742,USR_006552,2026-05-03 17:04:23.304920,103.99
ORD_000743,USR_006557,2026-05-05 12:12:49.453439,109.1
ORD_000744,USR_006560,2026-05-05 09:45:20.721851,61.44
ORD_000745,USR_006571,2026-05-03 07:16:13.721127,88.54
ORD_000746,USR_006576,2026-05-07 21:06:38.448563,140.41
ORD_000747,USR_006585,2026-05-03 15:16:15.223670,43.73
ORD_000748,USR_006597,2026-05-02 06:33:36.502777,324.23
ORD_000749,USR_006609,2026-05-02 10:27:04.192887,116.04
ORD_000750,USR_006612,2026-05-04 17:12:37.441738,89.27
ORD_000751,USR_006627,2026-05-04 11:26:42.156466,49.66
ORD_000752,USR_006637,2026-05-06 19:02:50.602586,33.47
ORD_000753,USR_006645,2026-05-04 12:41:21.033530,85.21
ORD_000754,USR_006664,2026-05-05 12:27:18.250804,53.04
ORD_000755,USR_006672,2026-05-03 04:40:08.149469,374.55
ORD_000756,USR_006681,2026-05-07 12:50:31.089701,755.44
ORD_000757,USR_006682,2026-05-05 09:46:40.416155,82.57
ORD_000758,USR_006689,2026-05-04 20:18:52.875894,75.06
ORD_000759,USR_006692,2026-05-03 05:24:12.963261,666.95
ORD_000760,USR_006694,2026-05-02 05:38:46.455135,85.73
ORD_000761,USR_006695,2026-05-06 12:01:56.965575,66.07
ORD_000762,USR_006700,2026-05-01 13:51:17.126480,84.04
ORD_000763,USR_006712,2026-05-03 08:08:27.685760,48.59
ORD_000764,USR_006716,2026-05-07 12:10:27.983032,91.3
ORD_000765,USR_006734,2026-05-05 12:08:32.727497,63.24
ORD_000766,USR_006746,2026-05-04 16:44:48.746957,138.05
ORD_000767,USR_006747,2026-05-06 22:12:49.185368,118.74
ORD_000768,USR_006751,2026-05-06 16:43:30.334309,194.3
ORD_000769,USR_006752,2026-05-05 07:39:13.612242,88.41
ORD_000770,USR_006770,2026-05-04 23:31:46.911679,259.89
ORD_000771,USR_006771,2026-05-07 00:25:57.802183,163.14
ORD_000772,USR_006782,2026-05-04 02:08:08.791782,176.65
ORD_000773,USR_006797,2026-05-02 00:44:13.048729,112.52
ORD_000774,USR_006803,2026-05-06 19:30:18.837547,461.04
ORD_000775,USR_006817,2026-05-03 08:25:15.422515,136.34
ORD_000776,USR_006819,2026-05-04 16:10:28.408988,80.86
ORD_000777,USR_006840,2026-05-07 00:35:20.609166,82.64
ORD_000778,USR_006841,2026-05-07 08:24:57.580320,151.8
ORD_000779,USR_006844,2026-05-06 05:38:21.354834,154.29
ORD_000780,USR_006850,2026-05-03 15:27:35.356115,277.97
ORD_000781,USR_006852,2026-05-01 03:51:08.856875,207.31
ORD_000782,USR_006875,2026-05-04 16:02:00.693064,111.47
ORD_000783,USR_006893,2026-05-01 01:24:16.045395,169.89
ORD_000784,USR_006897,2026-05-01 11:38:30.311004,373.04
ORD_000785,USR_006912,2026-05-05 15:47:31.981092,533.97
ORD_000786,USR_006924,2026-05-06 02:34:51.674612,232.64
ORD_000787,USR_006928,2026-05-02 21:28:32.425818,198.59
ORD_000788,USR_006929,2026-05-01 11:32:46.742012,68.38
ORD_000789,USR_006930,2026-05-06 13:54:17.645904,57.87
ORD_000790,USR_006931,2026-05-05 09:16:12.946185,132.64
ORD_000791,USR_006945,2026-05-02 07:53:54.999556,63.27
ORD_000792,USR_006946,2026-05-01 20:45:31.255598,89.36
ORD_000793,USR_006951,2026-05-07 17:32:30.427945,154.04
ORD_000794,USR_006959,2026-05-07 05:41:22.963411,322.03
ORD_000795,USR_006972,2026-05-06 14:50:25.468615,221.8
ORD_000796,USR_006991,2026-05-01 12:07:49.085701,359.83
ORD_000797,USR_007005,2026-05-07 06:53:53.227461,330.51
ORD_000798,USR_007009,2026-05-07 13:06:43.304410,319.56
ORD_000799,USR_007014,2026-05-01 20:02:39.383487,275.94
ORD_000800,USR_007018,2026-05-01 15:53:48.344967,302.1
ORD_000801,USR_007034,2026-05-06 22:41:35.797762,302.09
ORD_000802,USR_007038,2026-05-02 00:20:53.546071,333.94
ORD_000803,USR_007046,2026-05-05 00:56:33.267391,149.87
ORD_000804,USR_007053,2026-05-02 10:53:27.766922,351.52
ORD_000805,USR_007063,2026-05-07 06:35:34.732659,246.15
ORD_000806,USR_007068,2026-05-07 17:52:21.951203,58.72
ORD_000807,USR_007084,2026-05-07 08:35:12.298300,774.8
ORD_000808,USR_007088,2026-05-02 19:56:10.109967,38.6
ORD_000809,USR_007100,2026-05-01 06:44:45.896978,566.91
ORD_000810,USR_007101,2026-05-06 19:51:12.551446,49.8
ORD_000811,USR_007112,2026-05-05 10:10:14.120061,65.95
ORD_000812,USR_007124,2026-05-06 15:07:37.805632,105.16
ORD_000813,USR_007146,2026-05-05 17:27:47.382010,45.58
ORD_000814,USR_007173,2026-05-01 01:13:01.973277,113.03
ORD_000815,USR_007185,2026-05-02 14:11:21.273509,305.77
ORD_000816,USR_007199,2026-05-01 16:44:21.238155,248.09
ORD_000817,USR_007204,2026-05-03 16:26:28.286388,278.65
ORD_000818,USR_007206,2026-05-04 16:20:58.309456,182.89
ORD_000819,USR_007226,2026-05-01 23:15:10.711792,88.11
ORD_000820,USR_007248,2026-05-06 11:59:38.140398,78.21
ORD_000821,USR_007261,2026-05-06 08:19:53.238038,106.89
ORD_000822,USR_007270,2026-05-03 23:41:03.705735,312.95
ORD_000823,USR_007275,2026-05-02 18:15:56.384963,119.15
ORD_000824,USR_007284,2026-05-06 13:32:05.311170,111.61
ORD_000825,USR_007286,2026-05-04 13:03:41.784812,152.71
ORD_000826,USR_007291,2026-05-04 03:24:29.051081,215.43
ORD_000827,USR_007297,2026-05-07 03:54:55.043346,167.41
ORD_000828,USR_007302,2026-05-04 20:51:31.385534,84.69
ORD_000829,USR_007304,2026-05-01 15:50:23.521842,212.59
ORD_000830,USR_007317,2026-05-04 11:55:25.907825,40.84
ORD_000831,USR_007322,2026-05-01 00:52:17.877305,31.22
ORD_000832,USR_007327,2026-05-04 20:41:06.872059,162.93
ORD_000833,USR_007330,2026-05-02 22:02:20.648720,195.04
ORD_000834,USR_007336,2026-05-07 22:38:42.685325,61.21
ORD_000835,USR_007342,2026-05-05 21:28:18.336720,286.73
ORD_000836,USR_007343,2026-05-06 13:36:36.145349,181.19
ORD_000837,USR_007378,2026-05-04 08:52:43.228635,82.08
ORD_000838,USR_007384,2026-05-04 12:32:07.658142,275.97
ORD_000839,USR_007398,2026-05-05 11:56:05.084459,96.0
ORD_000840,USR_007399,2026-05-02 03:33:04.929566,229.52
ORD_000841,USR_007430,2026-05-02 23:15:16.638448,176.7
ORD_000842,USR_007434,2026-05-01 06:20:30.426916,74.91
ORD_000843,USR_007438,2026-05-05 06:08:06.913780,465.7
ORD_000844,USR_007444,2026-05-02 01:34:46.337056,615.57
ORD_000845,USR_007467,2026-05-03 23:24:38.954101,81.6
ORD_000846,USR_007469,2026-05-07 22:04:17.864580,471.95
ORD_000847,USR_007475,2026-05-03 10:21:01.883390,88.71
ORD_000848,USR_007484,2026-05-02 01:36:59.745872,61.44
ORD_000849,USR_007485,2026-05-07 02:42:05.517198,144.64
ORD_000850,USR_007487,2026-05-04 04:28:40.790256,125.61
ORD_000851,USR_007509,2026-05-02 05:09:38.963803,114.99
ORD_000852,USR_007514,2026-05-04 19:57:33.315738,198.95
ORD_000853,USR_007517,2026-05-06 04:43:37.922505,65.15
ORD_000854,USR_007518,2026-05-04 19:21:56.056042,94.9
ORD_000855,USR_007523,2026-05-03 21:21:57.974494,162.8
ORD_000856,USR_007535,2026-05-07 13:15:25.502827,173.72
ORD_000857,USR_007537,2026-05-01 23:54:33.045321,100.13
ORD_000858,USR_007539,2026-05-07 15:26:39.422559,477.27
ORD_000859,USR_007541,2026-05-04 15:52:20.185517,67.56
ORD_000860,USR_007544,2026-05-07 23:12:26.763103,33.66
ORD_000861,USR_007545,2026-05-04 04:40:13.182179,271.93
ORD_000862,USR_007551,2026-05-03 21:45:40.932264,49.99
ORD_000863,USR_007560,2026-05-07 17:33:40.987160,171.31
ORD_000864,USR_007565,2026-05-06 03:12:35.689874,282.22
ORD_000865,USR_007567,2026-05-05 15:48:59.341774,110.31
ORD_000866,USR_007568,2026-05-07 07:38:48.340177,49.59
ORD_000867,USR_007584,2026-05-06 03:26:19.593891,144.09
ORD_000868,USR_007585,2026-05-03 06:28:48.022559,189.31
ORD_000869,USR_007607,2026-05-01 12:42:09.125938,50.45
ORD_000870,USR_007608,2026-05-04 07:59:18.867799,192.41
ORD_000871,USR_007618,2026-05-04 23:24:58.483569,232.16
ORD_000872,USR_007621,2026-05-01 06:29:34.395262,47.47
ORD_000873,USR_007622,2026-05-05 06:15:38.068294,113.6
ORD_000874,USR_007623,2026-05-07 16:12:51.258579,373.71
ORD_000875,USR_007626,2026-05-04 07:04:31.427189,82.0
ORD_000876,USR_007645,2026-05-07 17:29:42.564661,113.68
ORD_000877,USR_007646,2026-05-07 00:02:42.386822,138.04
ORD_000878,USR_007647,2026-05-01 13:44:14.763342,510.0
ORD_000879,USR_007655,2026-05-02 08:44:47.880237,41.12
ORD_000880,USR_007661,2026-05-04 10:50:41.108360,191.6
ORD_000881,USR_007667,2026-05-04 13:30:32.437156,60.22
ORD_000882,USR_007668,2026-05-04 17:07:03.045562,592.43
ORD_000883,USR_007674,2026-05-01 20:00:56.440040,87.52
ORD_000884,USR_007683,2026-05-05 22:38:43.861315,113.03
ORD_000885,USR_007694,2026-05-03 12:57:51.658221,57.77
ORD_000886,USR_007695,2026-05-01 10:58:48.184983,54.51
ORD_000887,USR_007699,2026-05-05 12:37:24.523278,30.31
ORD_000888,USR_007711,2026-05-01 23:44:46.822968,259.99
ORD_000889,USR_007736,2026-05-04 01:35:06.063057,492.03
ORD_000890,USR_007788,2026-05-05 10:31:13.046000,97.96
ORD_000891,USR_007790,2026-05-02 23:04:34.410815,755.59
ORD_000892,USR_007797,2026-05-04 03:50:21.393275,769.04
ORD_000893,USR_007807,2026-05-02 11:49:40.384460,92.68
ORD_000894,USR_007818,2026-05-05 10:15:40.734577,325.07
ORD_000895,USR_007835,2026-05-04 00:37:13.135281,158.57
ORD_000896,USR_007857,2026-05-04 20:58:36.372277,131.09
ORD_000897,USR_007862,2026-05-02 04:30:12.133726,40.23
ORD_000898,USR_007892,2026-05-05 21:24:45.996856,390.24
ORD_000899,USR_007921,2026-05-01 09:26:31.620976,167.88
ORD_000900,USR_007926,2026-05-06 12:15:33.470377,276.82
ORD_000901,USR_007928,2026-05-01 08:20:39.087041,149.72
ORD_000902,USR_007950,2026-05-02 21:12:30.045367,163.44
ORD_000903,USR_007956,2026-05-06 07:49:30.616168,121.33
ORD_000904,USR_007965,2026-05-04 18:43:08.031556,100.27
ORD_000905,USR_007975,2026-05-04 19:06:55.742932,37.95
ORD_000906,USR_007993,2026-05-01 03:24:06.388323,88.58
ORD_000907,USR_008013,2026-05-06 18:44:28.437230,142.23
ORD_000908,USR_008031,2026-05-04 13:41:36.136452,132.65
ORD_000909,USR_008032,2026-05-05 09:18:34.992992,75.78
ORD_000910,USR_008035,2026-05-06 16:17:58.747471,75.5
ORD_000911,USR_008036,2026-05-07 16:02:12.410179,41.24
ORD_000912,USR_008045,2026-05-06 22:32:03.256781,74.34
ORD_000913,USR_008056,2026-05-05 16:52:46.244202,1263.73
ORD_000914,USR_008109,2026-05-03 22:38:02.758650,393.26
ORD_000915,USR_008120,2026-05-06 17:57:50.892778,126.7
ORD_000916,USR_008121,2026-05-07 02:51:34.629079,94.94
ORD_000917,USR_008125,2026-05-03 14:18:34.868535,66.42
ORD_000918,USR_008127,2026-05-05 19:31:00.927888,31.44
ORD_000919,USR_008130,2026-05-06 01:55:39.881943,316.03
ORD_000920,USR_008131,2026-05-04 11:27:26.519399,112.85
ORD_000921,USR_008148,2026-05-03 07:26:21.611238,75.3
ORD_000922,USR_008152,2026-05-07 07:02:53.250459,486.35
ORD_000923,USR_008154,2026-05-02 04:24:41.435945,74.64
ORD_000924,USR_008171,2026-05-05 20:41:45.634876,192.43
ORD_000925,USR_008184,2026-05-02 11:59:57.921666,180.11
ORD_000926,USR_008189,2026-05-02 03:42:43.314458,123.79
ORD_000927,USR_008190,2026-05-07 10:05:30.300013,89.51
ORD_000928,USR_008201,2026-05-07 06:22:41.627487,284.43
ORD_000929,USR_008202,2026-05-05 09:12:26.070777,272.88
ORD_000930,USR_008204,2026-05-06 18:22:23.241782,39.38
ORD_000931,USR_008206,2026-05-03 06:04:08.606359,78.26
ORD_000932,USR_008236,2026-05-06 01:17:46.684697,190.84
ORD_000933,USR_008239,2026-05-02 00:56:48.971743,240.43
ORD_000934,USR_008241,2026-05-05 04:01:02.687416,128.84
ORD_000935,USR_008243,2026-05-01 03:43:40.401938,200.5
ORD_000936,USR_008244,2026-05-01 16:52:21.843494,53.75
ORD_000937,USR_008252,2026-05-01 12:09:59.366221,284.11
ORD_000938,USR_008258,2026-05-03 04:25:45.360119,85.23
ORD_000939,USR_008272,2026-05-03 22:10:46.485495,49.57
ORD_000940,USR_008283,2026-05-01 15:18:12.427191,487.94
ORD_000941,USR_008301,2026-05-05 11:41:05.120387,58.84
ORD_000942,USR_008305,2026-05-03 22:55:04.865304,251.62
ORD_000943,USR_008322,2026-05-05 21:01:01.939915,312.56
ORD_000944,USR_008330,2026-05-05 18:13:22.619003,45.88
ORD_000945,USR_008336,2026-05-07 17:48:20.079486,88.68
ORD_000946,USR_008340,2026-05-04 20:08:17.351332,146.48
ORD_000947,USR_008344,2026-05-06 09:39:14.246023,77.85
ORD_000948,USR_008345,2026-05-04 13:00:38.751822,502.98
ORD_000949,USR_008356,2026-05-05 10:10:03.366671,154.13
ORD_000950,USR_008375,2026-05-02 11:41:17.420867,108.69
ORD_000951,USR_008380,2026-05-05 13:06:54.610202,169.77
ORD_000952,USR_008411,2026-05-04 10:54:07.197110,35.46
ORD_000953,USR_008420,2026-05-07 18:04:29.711690,384.31
ORD_000954,USR_008431,2026-05-07 14:46:41.775456,122.15
ORD_000955,USR_008450,2026-05-04 04:25:46.515699,65.78
ORD_000956,USR_008453,2026-05-05 15:44:01.110517,100.98
ORD_000957,USR_008491,2026-05-07 04:24:01.160630,322.73
ORD_000958,USR_008492,2026-05-02 01:07:41.268559,69.31
ORD_000959,USR_008499,2026-05-01 22:02:16.221513,184.15
ORD_000960,USR_008512,2026-05-04 05:47:41.552751,260.45
ORD_000961,USR_008514,2026-05-07 09:12:55.236569,362.19
ORD_000962,USR_008517,2026-05-06 00:51:03.218354,176.59
ORD_000963,USR_008519,2026-05-02 15:27:29.097085,66.19
ORD_000964,USR_008523,2026-05-04 06:02:12.504850,183.96
ORD_000965,USR_008540,2026-05-06 03:15:56.815967,405.47
ORD_000966,USR_008552,2026-05-07 00:00:37.297047,295.2
ORD_000967,USR_008557,2026-05-01 18:52:19.248953,56.62
ORD_000968,USR_008569,2026-05-05 14:32:24.213055,254.04
ORD_000969,USR_008571,2026-05-02 01:33:39.537273,176.8
ORD_000970,USR_008576,2026-05-05 22:30:44.277687,93.92
ORD_000971,USR_008580,2026-05-03 05:02:25.237750,123.18
ORD_000972,USR_008594,2026-05-06 13:36:07.005245,119.23
ORD_000973,USR_008605,2026-05-03 07:34:20.708508,122.02
ORD_000974,USR_008609,2026-05-07 12:55:31.047101,230.6
ORD_000975,USR_008620,2026-05-02 13:34:56.049756,234.06
ORD_000976,USR_008624,2026-05-04 10:19:24.405266,259.16
ORD_000977,USR_008625,2026-05-07 17:17:57.669713,282.76
ORD_000978,USR_008646,2026-05-04 10:52:46.410381,397.52
ORD_000979,USR_008649,2026-05-02 00:29:52.606665,299.81
ORD_000980,USR_008661,2026-05-02 08:26:49.558526,161.72
ORD_000981,USR_008679,2026-05-05 19:13:15.008429,677.02
ORD_000982,USR_008680,2026-05-06 14:43:58.646671,170.67
ORD_000983,USR_008685,2026-05-01 19:09:44.790775,43.88
ORD_000984,USR_008696,2026-05-03 19:46:52.292287,298.73
ORD_000985,USR_008705,2026-05-01 08:00:43.426565,72.43
ORD_000986,USR_008712,2026-05-05 22:30:42.597837,111.17
ORD_000987,USR_008717,2026-05-04 18:44:00.393308,91.32
ORD_000988,USR_008725,2026-05-01 02:23:17.893252,313.89
ORD_000989,USR_008736,2026-05-07 06:00:58.788890,64.47
ORD_000990,USR_008750,2026-05-06 07:20:16.909566,149.33
ORD_000991,USR_008752,2026-05-04 21:44:16.133361,133.37
ORD_000992,USR_008765,2026-05-07 04:43:27.253451,308.53
ORD_000993,USR_008766,2026-05-06 12:27:16.179159,94.14
ORD_000994,USR_008774,2026-05-05 01:00:39.976912,30.62
ORD_000995,USR_008776,2026-05-06 06:04:21.055988,446.95
ORD_000996,USR_008794,2026-05-07 19:14:21.196308,71.12
ORD_000997,USR_008802,2026-05-06 20:19:25.069718,363.95
ORD_000998,USR_008808,2026-05-02 19:18:45.256723,125.52
ORD_000999,USR_008812,2026-05-07 17:57:52.553414,168.6
ORD_001000,USR_008844,2026-05-04 23:28:19.694335,47.56
ORD_001001,USR_008848,2026-05-05 10:11:10.087561,107.62
ORD_001002,USR_008850,2026-05-05 20:05:29.793671,31.16
ORD_001003,USR_008859,2026-05-03 05:04:30.577146,32.08
ORD_001004,USR_008879,2026-05-03 02:34:00.234522,325.36
ORD_001005,USR_008890,2026-05-01 15:50:14.888653,317.37
ORD_001006,USR_008906,2026-05-04 02:27:17.751831,102.47
ORD_001007,USR_008922,2026-05-01 11:48:53.047208,129.89
ORD_001008,USR_008923,2026-05-05 19:34:50.376745,80.58
ORD_001009,USR_008931,2026-05-03 21:16:40.131389,84.96
ORD_001010,USR_008932,2026-05-07 11:24:36.929759,105.32
ORD_001011,USR_008944,2026-05-07 14:27:52.537031,281.15
ORD_001012,USR_008962,2026-05-02 00:01:13.020885,49.66
ORD_001013,USR_008978,2026-05-06 00:34:23.243148,157.7
ORD_001014,USR_008980,2026-05-01 00:45:19.982511,72.69
ORD_001015,USR_008982,2026-05-06 19:01:24.396394,43.91
ORD_001016,USR_008983,2026-05-01 20:59:42.150007,90.75
ORD_001017,USR_008989,2026-05-04 00:38:22.153958,179.7
ORD_001018,USR_008993,2026-05-07 07:45:50.596542,257.06
ORD_001019,USR_009012,2026-05-06 01:44:23.990107,150.96
ORD_001020,USR_009029,2026-05-01 22:37:06.707860,102.22
ORD_001021,USR_009054,2026-05-07 15:21:36.395031,61.07
ORD_001022,USR_009058,2026-05-01 11:58:02.427551,273.19
ORD_001023,USR_009071,2026-05-02 04:47:48.687628,85.83
ORD_001024,USR_009082,2026-05-06 09:06:24.432023,390.09
ORD_001025,USR_009093,2026-05-01 23:50:17.317444,346.89
ORD_001026,USR_009096,2026-05-02 21:26:56.841415,640.45
ORD_001027,USR_009100,2026-05-05 14:44:09.822465,77.57
ORD_001028,USR_009102,2026-05-02 03:11:49.590860,32.42
ORD_001029,USR_009111,2026-05-04 12:32:44.735787,136.32
ORD_001030,USR_009117,2026-05-02 22:36:53.052373,130.3
ORD_001031,USR_009123,2026-05-02 17:54:46.949887,246.66
ORD_001032,USR_009130,2026-05-03 02:24:52.472437,288.53
ORD_001033,USR_009150,2026-05-07 11:10:57.277719,102.9
ORD_001034,USR_009170,2026-05-06 13:25:57.039623,91.34
ORD_001035,USR_009171,2026-05-06 04:30:46.629795,93.87
ORD_001036,USR_009173,2026-05-02 16:41:57.874092,58.04
ORD_001037,USR_009184,2026-05-08 00:39:12.405811,58.05
ORD_001038,USR_009186,2026-05-06 10:53:40.786728,194.4
ORD_001039,USR_009194,2026-05-02 22:10:32.891556,86.73
ORD_001040,USR_009217,2026-05-07 02:38:06.469406,41.9
ORD_001041,USR_009218,2026-05-03 12:33:40.777493,91.99
ORD_001042,USR_009219,2026-05-05 10:04:03.072398,173.34
ORD_001043,USR_009235,2026-05-06 02:11:32.786664,54.93
ORD_001044,USR_009242,2026-05-01 03:35:13.867850,48.59
ORD_001045,USR_009254,2026-05-04 05:59:05.687416,209.88
ORD_001046,USR_009285,2026-05-06 00:22:28.426257,354.03
ORD_001047,USR_009286,2026-05-06 09:38:40.439187,207.26
ORD_001048,USR_009304,2026-05-02 19:48:51.165523,638.17
ORD_001049,USR_009306,2026-05-04 21:35:42.138449,133.31
ORD_001050,USR_009312,2026-05-04 20:28:22.567176,70.28
ORD_001051,USR_009319,2026-05-07 20:52:48.502754,33.29
ORD_001052,USR_009331,2026-05-01 14:54:58.714815,132.78
ORD_001053,USR_009333,2026-05-05 03:39:16.553003,127.33
ORD_001054,USR_009345,2026-05-02 09:02:39.071070,233.81
ORD_001055,USR_009353,2026-05-01 13:13:57.350050,378.12
ORD_001056,USR_009384,2026-05-04 19:52:12.719854,279.94
ORD_001057,USR_009392,2026-05-06 13:22:51.577668,267.59
ORD_001058,USR_009402,2026-05-04 12:49:37.504170,48.01
ORD_001059,USR_009420,2026-05-05 19:04:04.374045,263.6
ORD_001060,USR_009435,2026-05-04 05:09:10.800867,103.14
ORD_001061,USR_009438,2026-05-01 04:54:53.900584,122.68
ORD_001062,USR_009440,2026-05-07 04:48:51.032316,272.73
ORD_001063,USR_009462,2026-05-06 10:28:30.094028,331.47
ORD_001064,USR_009471,2026-05-01 16:46:56.271317,152.05
ORD_001065,USR_009474,2026-05-03 09:38:14.313475,251.12
ORD_001066,USR_009483,2026-05-05 12:57:44.432781,68.07
ORD_001067,USR_009484,2026-05-07 23:56:38.013351,64.59
ORD_001068,USR_009497,2026-05-07 06:30:46.583056,41.87
ORD_001069,USR_009509,2026-05-07 19:07:51.630969,112.21
ORD_001070,USR_009514,2026-05-05 03:38:25.660019,223.91
ORD_001071,USR_009517,2026-05-06 22:08:27.778551,48.99
ORD_001072,USR_009519,2026-05-02 13:28:31.421206,59.52
ORD_001073,USR_009530,2026-05-04 21:41:25.324700,533.07
ORD_001074,USR_009539,2026-05-02 23:49:16.339258,68.83
ORD_001075,USR_009551,2026-05-05 05:07:54.198173,57.53
ORD_001076,USR_009552,2026-05-01 02:04:22.601623,46.25
ORD_001077,USR_009555,2026-05-07 13:00:39.888099,103.18
ORD_001078,USR_009559,2026-05-06 05:58:44.944131,73.74
ORD_001079,USR_009563,2026-05-02 00:51:36.495299,83.1
ORD_001080,USR_009581,2026-05-06 01:33:42.660863,101.9
ORD_001081,USR_009595,2026-05-03 06:02:02.823154,213.58
ORD_001082,USR_009606,2026-05-03 12:58:45.612334,228.4
ORD_001083,USR_009613,2026-05-01 03:44:35.327824,193.36
ORD_001084,USR_009622,2026-05-04 17:09:42.224202,55.59
ORD_001085,USR_009681,2026-05-06 22:37:10.531916,376.61
ORD_001086,USR_009686,2026-05-04 12:58:18.507894,407.76
ORD_001087,USR_009690,2026-05-03 16:26:39.384668,89.24
ORD_001088,USR_009695,2026-05-06 01:30:39.766749,128.5
ORD_001089,USR_009699,2026-05-02 19:47:33.355341,244.5
ORD_001090,USR_009700,2026-05-05 05:37:12.969597,33.03
ORD_001091,USR_009701,2026-05-05 19:37:23.588739,45.15
ORD_001092,USR_009705,2026-05-07 20:39:33.874767,99.72
ORD_001093,USR_009730,2026-05-05 16:22:08.432603,59.92
ORD_001094,USR_009733,2026-05-04 12:31:34.035189,37.31
ORD_001095,USR_009737,2026-05-04 17:22:30.433912,252.49
ORD_001096,USR_009740,2026-05-03 15:36:22.185483,227.29
ORD_001097,USR_009754,2026-05-05 01:53:47.945200,95.39
ORD_001098,USR_009758,2026-05-04 16:06:20.865027,280.7
ORD_001099,USR_009764,2026-05-03 01:51:45.898153,297.63
ORD_001100,USR_009775,2026-05-05 23:52:11.028936,188.27
ORD_001101,USR_009778,2026-05-04 15:44:46.694904,319.75
ORD_001102,USR_009797,2026-05-06 06:08:30.400234,34.05
ORD_001103,USR_009798,2026-05-02 10:23:16.340735,270.91
ORD_001104,USR_009805,2026-05-02 17:54:57.726840,37.56
ORD_001105,USR_009812,2026-05-07 23:28:09.843764,83.89
ORD_001106,USR_009813,2026-05-07 07:31:25.415643,38.13
ORD_001107,USR_009815,2026-05-04 19:12:53.692872,306.09
ORD_001108,USR_009827,2026-05-02 20:41:34.325278,199.01
ORD_001109,USR_009841,2026-05-07 23:03:52.002610,329.74
ORD_001110,USR_009842,2026-05-04 23:47:05.401025,122.48
ORD_001111,USR_009845,2026-05-05 22:19:26.778010,286.15
ORD_001112,USR_009846,2026-05-01 07:49:18.497689,193.38
ORD_001113,USR_009855,2026-05-02 22:31:11.811761,310.74
ORD_001114,USR_009872,2026-05-01 14:22:07.322117,56.05
ORD_001115,USR_009876,2026-05-02 05:08:15.475323,48.04
ORD_001116,USR_009881,2026-05-07 15:40:14.412897,188.42
ORD_001117,USR_009899,2026-05-07 10:35:55.651329,67.2
ORD_001118,USR_009902,2026-05-01 18:29:58.377857,34.11
ORD_001119,USR_009912,2026-05-01 17:29:33.093483,257.13
ORD_001120,USR_009933,2026-05-02 16:30:07.312356,44.87
ORD_001121,USR_009934,2026-05-06 04:36:19.916161,103.0
ORD_001122,USR_009950,2026-05-04 06:22:02.380847,166.35
ORD_001123,USR_009954,2026-05-05 06:07:26.238598,280.5
ORD_001124,USR_009963,2026-05-05 20:00:01.111399,75.45
ORD_001125,USR_009969,2026-05-05 09:31:44.654791,422.17
ORD_001126,USR_009973,2026-05-04 20:41:37.654928,169.65
ORD_001127,USR_009982,2026-05-04 06:49:06.638892,63.56
ORD_001128,USR_009989,2026-05-02 16:43:06.740894,57.6
ORD_001129,USR_009995,2026-05-07 08:01:10.185625,172.4
ORD_001130,USR_009997,2026-05-01 08:41:51.957588,231.32
